{ "X3D": {
    "encoding": "UTF-8",
    "@profile": "Full",
    "@version": "3.3",
    "@xsd:noNamespaceSchemaLocation": "http://www.web3d.org/specifications/x3d-3.3.xsd",
    "JSON schema": "http://www.web3d.org/specifications/x3d-3.3-JSONSchema.json",
    "head": {
      "meta": [
        {
          "@name": "comment",
          "@content": "World of Titania"
        }
      ]
    },
    "Scene": {
      "-children": [
        { "NavigationInfo":
          {
            "@type": [ "EXAMINE" ],
            "@transitionType": [ "ANIMATE" ]
          }
        },
        { "Background":
          {
            "@skyAngle": [ 1.5708 ],
            "@skyColor": [ 0.1, 0.1, 0.1, 0.3, 0.3, 0.3 ],
            "@groundAngle": [ 1.5708 ],
            "@groundColor": [ 0.1, 0.1, 0.1, 0.3, 0.3, 0.3 ]
          }
        },
        { "Viewpoint":
          {
            "@description": "Initial View",
            "@position": [ 0, 0, 3.4142 ]
          }
        },
        { "Transform":
          {
            "@DEF": "Rectangle2D",
            "-children": [
              { "Shape":
                {
                  "-appearance": { "Appearance":
                    {
                      "-material": { "Material":
                        {
                          "@DEF": "Santafe5",
                          "@ambientIntensity": 0.154255,
                          "@diffuseColor": [ 0.601064, 0.0739446, 0.114671 ],
                          "@specularColor": [ 0.425532, 0.032158, 0.032158 ],
                          "@shininess": 0.0851064
                        }
                      }
                    }
                  },
                  "-geometry": { "Rectangle2D":
                    {
                      "@size": [ 3.23, 2 ]
                    }
                  }
                }
              }
            ]
          }
        }
      ]
    }
  }
}
