{ "X3D": {
    "encoding": "UTF-8",
    "@profile": "Full",
    "@version": "3.3",
    "@xsd:noNamespaceSchemaLocation": "http://www.web3d.org/specifications/x3d-3.3.xsd",
    "JSON schema": "http://www.web3d.org/specifications/x3d-3.3-JSONSchema.json",
    "head": {
      "meta": [
        {
          "@name": "comment",
          "@content": "World of Titania"
        }
      ]
    },
    "Scene": {
      "-children": [
        { "NavigationInfo":
          {
            "@type": [ "EXAMINE" ],
            "@transitionType": [ "ANIMATE" ]
          }
        },
        { "Background":
          {
            "@skyAngle": [ 1.5708 ],
            "@skyColor": [ 0.1, 0.1, 0.1, 0.3, 0.3, 0.3 ],
            "@groundAngle": [ 1.5708 ],
            "@groundColor": [ 0.1, 0.1, 0.1, 0.3, 0.3, 0.3 ]
          }
        },
        { "Viewpoint":
          {
            "@description": "Initial View",
            "@position": [ 0, 0, 3.4142 ]
          }
        },
        { "Transform":
          {
            "@DEF": "TriangleSet2D",
            "-children": [
              { "Shape":
                {
                  "-appearance": { "Appearance":
                    {
                      "-material": { "Material":
                        {
                          "@DEF": "Santafe22",
                          "@ambientIntensity": 0.0791511,
                          "@diffuseColor": [ 0.322063, 0.156723, 0.0820722 ],
                          "@specularColor": [ 0.296891, 0.0591278, 0.016358 ],
                          "@shininess": 0.0319149
                        }
                      }
                    }
                  },
                  "-geometry": { "TriangleSet2D":
                    {
                      "@vertices": [ 2, 0.5, 1.5, 1.25, 0, 0, 0, 0, -0.5, -0.5, 1, -1, -2, -0.25, 0, 0, -1.25, 1 ]
                    }
                  }
                }
              }
            ]
          }
        }
      ]
    }
  }
}
