{ "X3D": {
    "encoding": "UTF-8",
    "@profile": "Full",
    "@version": "3.3",
    "@xsd:noNamespaceSchemaLocation": "http://www.web3d.org/specifications/x3d-3.3.xsd",
    "JSON schema": "http://www.web3d.org/specifications/x3d-3.3-JSONSchema.json",
    "Scene": {
      "-children": [
        { "NavigationInfo":
          {
            "@type": [ "NONE" ],
            "@headlight": false
          }
        },
        { "Transform":
          {
            "@DEF": "ViewpointAnimationGroup",
            "@rotation": [ 0, -1, 0, 0.591019590488519 ],
            "-children": [
              { "Group":
                {
                  "@DEF": "ViewpointAnimation",
                  "-metadata": { "MetadataSet":
                    {
                      "@DEF": "Animation",
                      "@name": "Animation",
                      "@reference": "http://titania.create3000.de",
                      "-value": [
                        { "MetadataInteger":
                          {
                            "@DEF": "duration",
                            "@name": "duration",
                            "@reference": "http://titania.create3000.de",
                            "@value": [ 300 ]
                          }
                        },
                        { "MetadataInteger":
                          {
                            "@DEF": "frameRate",
                            "@name": "frameRate",
                            "@reference": "http://titania.create3000.de",
                            "@value": [ 5 ]
                          }
                        }
                      ]
                    }
                  },
                  "-children": [
                    { "TimeSensor":
                      {
                        "@DEF": "ViewpointAnimationTimer",
                        "@cycleInterval": 60,
                        "@loop": true
                      }
                    },
                    { "PositionInterpolator":
                      {
                        "@DEF": "PositionInterpolator",
                        "-metadata": { "MetadataSet":
                          {
                            "@DEF": "Interpolator",
                            "@name": "Interpolator",
                            "@reference": "http://titania.create3000.de",
                            "-value": [
                              { "MetadataInteger":
                                {
                                  "@DEF": "key",
                                  "@name": "key",
                                  "@reference": "http://titania.create3000.de",
                                  "@value": [ 0, 50, 100, 150, 200, 250, 300 ]
                                }
                              },
                              { "MetadataDouble":
                                {
                                  "@DEF": "keyValue",
                                  "@name": "keyValue",
                                  "@reference": "http://titania.create3000.de",
                                  "@value": [ 0, 0, 22.7164993286133, 1.80622661113739, 8.52856063842773, 8.80808544158936, 1.69024538993835, 13.9987106323242, 14.5555477142334, 2.26864552497864, -1.80595338344574, 14.6852254867554, 1.87479674816132, 1.55426800251007, 11.9201097488403, 0.555002689361572, 3.0090434551239, 11.3753042221069, 0, 0, 22.7164993286133 ]
                                }
                              },
                              { "MetadataString":
                                {
                                  "@DEF": "keyType",
                                  "@name": "keyType",
                                  "@reference": "http://titania.create3000.de",
                                  "@value": [ "SPLINE", "SPLINE", "SPLINE", "SPLINE", "SPLINE", "SPLINE", "SPLINE" ]
                                }
                              },
                              { "MetadataInteger":
                                {
                                  "@DEF": "keySize",
                                  "@name": "keySize",
                                  "@reference": "http://titania.create3000.de",
                                  "@value": [ 1 ]
                                }
                              }
                            ]
                          }
                        },
                        "@key": [ 0, 0.00333333, 0.00666667, 0.01, 0.0133333, 0.0166667, 0.02, 0.0233333, 0.0266667, 0.03, 0.0333333, 0.0366667, 0.04, 0.0433333, 0.0466667, 0.05, 0.0533333, 0.0566667, 0.06, 0.0633333, 0.0666667, 0.07, 0.0733333, 0.0766667, 0.08, 0.0833333, 0.0866667, 0.09, 0.0933333, 0.0966667, 0.1, 0.103333, 0.106667, 0.11, 0.113333, 0.116667, 0.12, 0.123333, 0.126667, 0.13, 0.133333, 0.136667, 0.14, 0.143333, 0.146667, 0.15, 0.153333, 0.156667, 0.16, 0.163333, 0.166667, 0.17, 0.173333, 0.176667, 0.18, 0.183333, 0.186667, 0.19, 0.193333, 0.196667, 0.2, 0.203333, 0.206667, 0.21, 0.213333, 0.216667, 0.22, 0.223333, 0.226667, 0.23, 0.233333, 0.236667, 0.24, 0.243333, 0.246667, 0.25, 0.253333, 0.256667, 0.26, 0.263333, 0.266667, 0.27, 0.273333, 0.276667, 0.28, 0.283333, 0.286667, 0.29, 0.293333, 0.296667, 0.3, 0.303333, 0.306667, 0.31, 0.313333, 0.316667, 0.32, 0.323333, 0.326667, 0.33, 0.333333, 0.336667, 0.34, 0.343333, 0.346667, 0.35, 0.353333, 0.356667, 0.36, 0.363333, 0.366667, 0.37, 0.373333, 0.376667, 0.38, 0.383333, 0.386667, 0.39, 0.393333, 0.396667, 0.4, 0.403333, 0.406667, 0.41, 0.413333, 0.416667, 0.42, 0.423333, 0.426667, 0.43, 0.433333, 0.436667, 0.44, 0.443333, 0.446667, 0.45, 0.453333, 0.456667, 0.46, 0.463333, 0.466667, 0.47, 0.473333, 0.476667, 0.48, 0.483333, 0.486667, 0.49, 0.493333, 0.496667, 0.5, 0.503333, 0.506667, 0.51, 0.513333, 0.516667, 0.52, 0.523333, 0.526667, 0.53, 0.533333, 0.536667, 0.54, 0.543333, 0.546667, 0.55, 0.553333, 0.556667, 0.56, 0.563333, 0.566667, 0.57, 0.573333, 0.576667, 0.58, 0.583333, 0.586667, 0.59, 0.593333, 0.596667, 0.6, 0.603333, 0.606667, 0.61, 0.613333, 0.616667, 0.62, 0.623333, 0.626667, 0.63, 0.633333, 0.636667, 0.64, 0.643333, 0.646667, 0.65, 0.653333, 0.656667, 0.66, 0.663333, 0.666667, 0.67, 0.673333, 0.676667, 0.68, 0.683333, 0.686667, 0.69, 0.693333, 0.696667, 0.7, 0.703333, 0.706667, 0.71, 0.713333, 0.716667, 0.72, 0.723333, 0.726667, 0.73, 0.733333, 0.736667, 0.74, 0.743333, 0.746667, 0.75, 0.753333, 0.756667, 0.76, 0.763333, 0.766667, 0.77, 0.773333, 0.776667, 0.78, 0.783333, 0.786667, 0.79, 0.793333, 0.796667, 0.8, 0.803333, 0.806667, 0.81, 0.813333, 0.816667, 0.82, 0.823333, 0.826667, 0.83, 0.833333, 0.836667, 0.84, 0.843333, 0.846667, 0.85, 0.853333, 0.856667, 0.86, 0.863333, 0.866667, 0.87, 0.873333, 0.876667, 0.88, 0.883333, 0.886667, 0.89, 0.893333, 0.896667, 0.9, 0.903333, 0.906667, 0.91, 0.913333, 0.916667, 0.92, 0.923333, 0.926667, 0.93, 0.933333, 0.936667, 0.94, 0.943333, 0.946667, 0.95, 0.953333, 0.956667, 0.96, 0.963333, 0.966667, 0.97, 0.973333, 0.976667, 0.98, 0.983333, 0.986667, 0.99, 0.993333, 0.996667, 1 ],
                        "@keyValue": [ 0, 0, 22.7165, 0.00213857, 0.0100978, 22.7, 0.00843869, 0.0398454, 22.6515, 0.018727, 0.0884241, 22.5723, 0.03283, 0.155015, 22.4637, 0.0505743, 0.2388, 22.3271, 0.0717867, 0.338959, 22.1637, 0.0962936, 0.454675, 21.975, 0.123922, 0.585127, 21.7623, 0.154497, 0.729499, 21.5268, 0.187848, 0.88697, 21.27, 0.223799, 1.05672, 20.9932, 0.262177, 1.23794, 20.6977, 0.30281, 1.4298, 20.3848, 0.345524, 1.63148, 20.0559, 0.390145, 1.84217, 19.7123, 0.4365, 2.06105, 19.3553, 0.484416, 2.28729, 18.9864, 0.533718, 2.52009, 18.6067, 0.584235, 2.75861, 18.2177, 0.635792, 3.00205, 17.8207, 0.688216, 3.24959, 17.4171, 0.741333, 3.50039, 17.008, 0.794971, 3.75366, 16.595, 0.848955, 4.00856, 16.1793, 0.903113, 4.26428, 15.7623, 0.957271, 4.52, 15.3453, 1.01126, 4.7749, 14.9296, 1.06489, 5.02817, 14.5165, 1.11801, 5.27897, 14.1075, 1.17043, 5.52651, 13.7038, 1.22199, 5.76995, 13.3068, 1.27251, 6.00847, 12.9179, 1.32181, 6.24127, 12.5382, 1.36973, 6.46751, 12.1692, 1.41608, 6.68639, 11.8123, 1.4607, 6.89708, 11.4687, 1.50342, 7.09876, 11.1398, 1.54405, 7.29062, 10.8269, 1.58243, 7.47184, 10.5314, 1.61838, 7.64159, 10.2546, 1.65173, 7.79906, 9.99776, 1.6823, 7.94343, 9.76231, 1.70993, 8.07389, 9.54957, 1.73444, 8.1896, 9.36086, 1.75565, 8.28976, 9.19752, 1.7734, 8.37355, 9.06088, 1.7875, 8.44014, 8.95229, 1.79779, 8.48872, 8.87307, 1.80409, 8.51846, 8.82455, 1.80623, 8.52856, 8.80809, 1.80609, 8.53504, 8.81489, 1.80568, 8.55412, 8.83494, 1.80502, 8.58527, 8.86767, 1.80412, 8.62799, 8.91255, 1.80298, 8.68172, 8.96901, 1.80162, 8.74597, 9.03651, 1.80004, 8.82019, 9.11449, 1.79827, 8.90386, 9.20241, 1.79631, 8.99646, 9.2997, 1.79416, 9.09746, 9.40582, 1.79186, 9.20633, 9.52022, 1.78939, 9.32256, 9.64234, 1.78678, 9.44562, 9.77164, 1.78404, 9.57498, 9.90755, 1.78117, 9.71011, 10.0495, 1.7782, 9.8505, 10.197, 1.77512, 9.99561, 10.3495, 1.77196, 10.1449, 10.5064, 1.76871, 10.2979, 10.6671, 1.7654, 10.4541, 10.8312, 1.76204, 10.6128, 10.998, 1.75862, 10.7737, 11.167, 1.75518, 10.9361, 11.3377, 1.75171, 11.0996, 11.5095, 1.74824, 11.2636, 11.6818, 1.74476, 11.4277, 11.8541, 1.74129, 11.5911, 12.0259, 1.73785, 11.7536, 12.1966, 1.73444, 11.9145, 12.3656, 1.73107, 12.0732, 12.5324, 1.72776, 12.2294, 12.6965, 1.72452, 12.3823, 12.8572, 1.72135, 12.5317, 13.0141, 1.71827, 12.6768, 13.1666, 1.7153, 12.8172, 13.3141, 1.71243, 12.9523, 13.4561, 1.70969, 13.0817, 13.592, 1.70708, 13.2047, 13.7213, 1.70462, 13.3209, 13.8434, 1.70231, 13.4298, 13.9578, 1.70017, 13.5308, 14.0639, 1.6982, 13.6234, 14.1612, 1.69643, 13.7071, 14.2491, 1.69485, 13.7813, 14.3271, 1.69349, 13.8455, 14.3946, 1.69235, 13.8993, 14.4511, 1.69145, 13.942, 14.496, 1.69079, 13.9732, 14.5287, 1.69038, 13.9922, 14.5487, 1.69025, 13.9987, 14.5555, 1.69093, 13.98, 14.5557, 1.69295, 13.9249, 14.5562, 1.69624, 13.8348, 14.5569, 1.70076, 13.7114, 14.5579, 1.70644, 13.5562, 14.5592, 1.71323, 13.3706, 14.5607, 1.72108, 13.1561, 14.5625, 1.72993, 12.9144, 14.5644, 1.73972, 12.6468, 14.5666, 1.7504, 12.355, 14.569, 1.76191, 12.0404, 14.5716, 1.7742, 11.7046, 14.5744, 1.78721, 11.3491, 14.5773, 1.80089, 10.9753, 14.5804, 1.81518, 10.5849, 14.5836, 1.83002, 10.1793, 14.5869, 1.84537, 9.76003, 14.5903, 1.86116, 9.32862, 14.5939, 1.87733, 8.8866, 14.5975, 1.89384, 8.43547, 14.6012, 1.91063, 7.97675, 14.605, 1.92764, 7.51197, 14.6088, 1.94482, 7.04264, 14.6126, 1.9621, 6.57027, 14.6165, 1.97945, 6.09638, 14.6204, 1.99679, 5.62249, 14.6243, 2.01408, 5.15012, 14.6282, 2.03125, 4.68079, 14.632, 2.04826, 4.216, 14.6358, 2.06505, 3.75729, 14.6396, 2.08156, 3.30616, 14.6433, 2.09774, 2.86414, 14.6469, 2.11352, 2.43273, 14.6504, 2.12887, 2.01346, 14.6539, 2.14371, 1.60785, 14.6572, 2.158, 1.21742, 14.6604, 2.17168, 0.843667, 14.6635, 2.18469, 0.488125, 14.6664, 2.19698, 0.152308, 14.6692, 2.20849, -0.162268, 14.6717, 2.21917, -0.454086, 14.6741, 2.22896, -0.721627, 14.6763, 2.23781, -0.963375, 14.6783, 2.24566, -1.17781, 14.6801, 2.25245, -1.36342, 14.6816, 2.25813, -1.51869, 14.6829, 2.26265, -1.64209, 14.6839, 2.26594, -1.73211, 14.6846, 2.26796, -1.78724, 14.6851, 2.26865, -1.80595, 14.6852, 2.26818, -1.80197, 14.682, 2.26681, -1.79025, 14.6723, 2.26456, -1.77111, 14.6566, 2.26149, -1.74488, 14.635, 2.25762, -1.71187, 14.6078, 2.25299, -1.6724, 14.5753, 2.24765, -1.62681, 14.5378, 2.24162, -1.57542, 14.4955, 2.23496, -1.51853, 14.4487, 2.22769, -1.45649, 14.3977, 2.21985, -1.38961, 14.3426, 2.21148, -1.31821, 14.2839, 2.20262, -1.24262, 14.2217, 2.1933, -1.16316, 14.1563, 2.18357, -1.08015, 14.088, 2.17347, -0.993909, 14.017, 2.16302, -0.904769, 13.9436, 2.15227, -0.813048, 13.8682, 2.14125, -0.71907, 13.7908, 2.13001, -0.623155, 13.7119, 2.11858, -0.525628, 13.6316, 2.107, -0.426811, 13.5503, 2.0953, -0.327026, 13.4682, 2.08353, -0.226596, 13.3856, 2.07172, -0.125843, 13.3027, 2.05991, -0.0250898, 13.2198, 2.04814, 0.0753405, 13.1371, 2.03644, 0.175126, 13.055, 2.02486, 0.273943, 12.9737, 2.01343, 0.37147, 12.8934, 2.00219, 0.467384, 12.8145, 1.99117, 0.561363, 12.7372, 1.98042, 0.653084, 12.6617, 1.96998, 0.742223, 12.5883, 1.95987, 0.82846, 12.5174, 1.95014, 0.911471, 12.4491, 1.94082, 0.990934, 12.3837, 1.93196, 1.06653, 12.3215, 1.9236, 1.13792, 12.2627, 1.91576, 1.20481, 12.2077, 1.90849, 1.26685, 12.1566, 1.90182, 1.32373, 12.1098, 1.89579, 1.37513, 12.0675, 1.89045, 1.42072, 12.03, 1.88582, 1.46018, 11.9975, 1.88196, 1.49319, 11.9704, 1.87888, 1.51943, 11.9488, 1.87664, 1.53857, 11.933, 1.87526, 1.55029, 11.9234, 1.8748, 1.55427, 11.9201, 1.87323, 1.55599, 11.9195, 1.86863, 1.56106, 11.9176, 1.86111, 1.56935, 11.9145, 1.85081, 1.58071, 11.9102, 1.83784, 1.595, 11.9049, 1.82234, 1.61209, 11.8985, 1.80444, 1.63182, 11.8911, 1.78425, 1.65408, 11.8827, 1.76191, 1.6787, 11.8735, 1.73754, 1.70556, 11.8635, 1.71127, 1.73452, 11.8526, 1.68323, 1.76543, 11.841, 1.65354, 1.79816, 11.8288, 1.62233, 1.83256, 11.8159, 1.58972, 1.8685, 11.8024, 1.55585, 1.90583, 11.7885, 1.52084, 1.94443, 11.774, 1.48481, 1.98414, 11.7591, 1.4479, 2.02482, 11.7439, 1.41023, 2.06635, 11.7283, 1.37192, 2.10857, 11.7125, 1.33311, 2.15135, 11.6965, 1.29392, 2.19456, 11.6803, 1.25447, 2.23804, 11.664, 1.2149, 2.28166, 11.6477, 1.17533, 2.32528, 11.6314, 1.13588, 2.36876, 11.6151, 1.09669, 2.41196, 11.5989, 1.05788, 2.45474, 11.5829, 1.01957, 2.49696, 11.5671, 0.981898, 2.53849, 11.5515, 0.944986, 2.57917, 11.5363, 0.908961, 2.61888, 11.5214, 0.873949, 2.65748, 11.507, 0.840078, 2.69481, 11.493, 0.807474, 2.73075, 11.4795, 0.776264, 2.76515, 11.4666, 0.746573, 2.79788, 11.4544, 0.71853, 2.82879, 11.4428, 0.692261, 2.85775, 11.432, 0.667893, 2.88461, 11.4219, 0.645551, 2.90923, 11.4127, 0.625364, 2.93149, 11.4043, 0.607457, 2.95122, 11.397, 0.591957, 2.96831, 11.3906, 0.578991, 2.9826, 11.3852, 0.568686, 2.99396, 11.381, 0.561169, 3.00225, 11.3778, 0.556565, 3.00732, 11.3759, 0.555003, 3.00904, 11.3753, 0.554346, 3.00548, 11.3887, 0.55241, 2.99499, 11.4283, 0.549248, 2.97785, 11.4929, 0.544915, 2.95435, 11.5814, 0.539463, 2.92479, 11.6929, 0.532945, 2.88945, 11.826, 0.525414, 2.84863, 11.9799, 0.516925, 2.8026, 12.1534, 0.50753, 2.75166, 12.3454, 0.497282, 2.6961, 12.5548, 0.486236, 2.63621, 12.7805, 0.474443, 2.57227, 13.0215, 0.461958, 2.50458, 13.2766, 0.448833, 2.43343, 13.5448, 0.435122, 2.35909, 13.825, 0.420879, 2.28187, 14.1161, 0.406155, 2.20204, 14.4169, 0.391006, 2.11991, 14.7265, 0.375484, 2.03575, 15.0437, 0.359642, 1.94986, 15.3674, 0.343533, 1.86253, 15.6966, 0.327212, 1.77404, 16.0301, 0.31073, 1.68468, 16.3669, 0.294143, 1.59474, 16.7058, 0.277501, 1.50452, 17.0459, 0.26086, 1.4143, 17.386, 0.244272, 1.32436, 17.7249, 0.227791, 1.23501, 18.0617, 0.211469, 1.14652, 18.3952, 0.195361, 1.05918, 18.7244, 0.179519, 0.973293, 19.0481, 0.163997, 0.889136, 19.3653, 0.148847, 0.807001, 19.6749, 0.134124, 0.727178, 19.9757, 0.119881, 0.649953, 20.2668, 0.10617, 0.575618, 20.547, 0.0930451, 0.50446, 20.8152, 0.0805598, 0.436769, 21.0703, 0.0687671, 0.372833, 21.3113, 0.0577203, 0.312941, 21.537, 0.0474727, 0.257382, 21.7464, 0.0380776, 0.206444, 21.9384, 0.0295883, 0.160418, 22.1119, 0.022058, 0.119591, 22.2658, 0.0155401, 0.0842532, 22.3989, 0.0100877, 0.0546924, 22.5104, 0.00575427, 0.0311978, 22.5989, 0.00259297, 0.0140583, 22.6635, 0.000657123, 0.00356271, 22.7031, 0, 0, 22.7165 ]
                      }
                    },
                    { "OrientationInterpolator":
                      {
                        "@DEF": "OrientationInterpolator",
                        "-metadata": { "MetadataSet":
                          {
                            "@DEF": "Interpolator_1",
                            "@name": "Interpolator",
                            "@reference": "http://titania.create3000.de",
                            "-value": [
                              { "MetadataInteger":
                                {
                                  "@DEF": "key_1",
                                  "@name": "key",
                                  "@reference": "http://titania.create3000.de",
                                  "@value": [ 0, 50, 100, 150, 200, 250, 300 ]
                                }
                              },
                              { "MetadataDouble":
                                {
                                  "@DEF": "keyValue_1",
                                  "@name": "keyValue",
                                  "@reference": "http://titania.create3000.de",
                                  "@value": [ 0, 0, 1, 0, -0.964827375540989, 0.244801316180175, 0.0958146700831431, 0.770762645868102, -0.988195953307207, 0.14243106504391, 0.0564105449159871, 0.762367494725308, 0.618994339495494, 0.783993712662371, -0.0469027310335864, 0.192700148954424, -0.633728972132451, 0.772018825305555, 0.048729080165516, 0.198544023769123, -0.982539800413661, 0.184558359289158, 0.0235319489115775, 0.258097475093644, 0, 0, 1, 0 ]
                                }
                              },
                              { "MetadataString":
                                {
                                  "@DEF": "keyType_1",
                                  "@name": "keyType",
                                  "@reference": "http://titania.create3000.de",
                                  "@value": [ "SPLINE", "SPLINE", "SPLINE", "SPLINE", "SPLINE", "SPLINE", "SPLINE" ]
                                }
                              },
                              { "MetadataInteger":
                                {
                                  "@DEF": "keySize_1",
                                  "@name": "keySize",
                                  "@reference": "http://titania.create3000.de",
                                  "@value": [ 1 ]
                                }
                              }
                            ]
                          }
                        },
                        "@key": [ 0, 0.00333333, 0.00666667, 0.01, 0.0133333, 0.0166667, 0.02, 0.0233333, 0.0266667, 0.03, 0.0333333, 0.0366667, 0.04, 0.0433333, 0.0466667, 0.05, 0.0533333, 0.0566667, 0.06, 0.0633333, 0.0666667, 0.07, 0.0733333, 0.0766667, 0.08, 0.0833333, 0.0866667, 0.09, 0.0933333, 0.0966667, 0.1, 0.103333, 0.106667, 0.11, 0.113333, 0.116667, 0.12, 0.123333, 0.126667, 0.13, 0.133333, 0.136667, 0.14, 0.143333, 0.146667, 0.15, 0.153333, 0.156667, 0.16, 0.163333, 0.166667, 0.17, 0.173333, 0.176667, 0.18, 0.183333, 0.186667, 0.19, 0.193333, 0.196667, 0.2, 0.203333, 0.206667, 0.21, 0.213333, 0.216667, 0.22, 0.223333, 0.226667, 0.23, 0.233333, 0.236667, 0.24, 0.243333, 0.246667, 0.25, 0.253333, 0.256667, 0.26, 0.263333, 0.266667, 0.27, 0.273333, 0.276667, 0.28, 0.283333, 0.286667, 0.29, 0.293333, 0.296667, 0.3, 0.303333, 0.306667, 0.31, 0.313333, 0.316667, 0.32, 0.323333, 0.326667, 0.33, 0.333333, 0.336667, 0.34, 0.343333, 0.346667, 0.35, 0.353333, 0.356667, 0.36, 0.363333, 0.366667, 0.37, 0.373333, 0.376667, 0.38, 0.383333, 0.386667, 0.39, 0.393333, 0.396667, 0.4, 0.403333, 0.406667, 0.41, 0.413333, 0.416667, 0.42, 0.423333, 0.426667, 0.43, 0.433333, 0.436667, 0.44, 0.443333, 0.446667, 0.45, 0.453333, 0.456667, 0.46, 0.463333, 0.466667, 0.47, 0.473333, 0.476667, 0.48, 0.483333, 0.486667, 0.49, 0.493333, 0.496667, 0.5, 0.503333, 0.506667, 0.51, 0.513333, 0.516667, 0.52, 0.523333, 0.526667, 0.53, 0.533333, 0.536667, 0.54, 0.543333, 0.546667, 0.55, 0.553333, 0.556667, 0.56, 0.563333, 0.566667, 0.57, 0.573333, 0.576667, 0.58, 0.583333, 0.586667, 0.59, 0.593333, 0.596667, 0.6, 0.603333, 0.606667, 0.61, 0.613333, 0.616667, 0.62, 0.623333, 0.626667, 0.63, 0.633333, 0.636667, 0.64, 0.643333, 0.646667, 0.65, 0.653333, 0.656667, 0.66, 0.663333, 0.666667, 0.67, 0.673333, 0.676667, 0.68, 0.683333, 0.686667, 0.69, 0.693333, 0.696667, 0.7, 0.703333, 0.706667, 0.71, 0.713333, 0.716667, 0.72, 0.723333, 0.726667, 0.73, 0.733333, 0.736667, 0.74, 0.743333, 0.746667, 0.75, 0.753333, 0.756667, 0.76, 0.763333, 0.766667, 0.77, 0.773333, 0.776667, 0.78, 0.783333, 0.786667, 0.79, 0.793333, 0.796667, 0.8, 0.803333, 0.806667, 0.81, 0.813333, 0.816667, 0.82, 0.823333, 0.826667, 0.83, 0.833333, 0.836667, 0.84, 0.843333, 0.846667, 0.85, 0.853333, 0.856667, 0.86, 0.863333, 0.866667, 0.87, 0.873333, 0.876667, 0.88, 0.883333, 0.886667, 0.89, 0.893333, 0.896667, 0.9, 0.903333, 0.906667, 0.91, 0.913333, 0.916667, 0.92, 0.923333, 0.926667, 0.93, 0.933333, 0.936667, 0.94, 0.943333, 0.946667, 0.95, 0.953333, 0.956667, 0.96, 0.963333, 0.966667, 0.97, 0.973333, 0.976667, 0.98, 0.983333, 0.986667, 0.99, 0.993333, 0.996667, 1 ],
                        "@keyValue": [ 0, 0, 1, 0, -0.95343441469771, 0.273058894554685, 0.128068953984207, 0.00570459130557356, -0.954101153135436, 0.272108809307294, 0.125091108728791, 0.0125007020309369, -0.954655805733941, 0.27128370557589, 0.122627254994528, 0.020345003148576, -0.955127773305282, 0.270552011070292, 0.120551009812088, 0.0291941136995909, -0.955537146859956, 0.269891560547227, 0.118774182868661, 0.0390046206567447, -0.955898120661603, 0.269286320730617, 0.117233358661187, 0.0497330904142879, -0.956221009130856, 0.268724391916613, 0.115881762524628, 0.0613360757597279, -0.956513490607504, 0.268196741144724, 0.114684132839718, 0.0737701202777711, -0.956781402610657, 0.267696372456478, 0.11361337857852, 0.0869917612325848, -0.957029266409862, 0.267217767830616, 0.112648336830264, 0.100957531513136, -0.957260642544255, 0.266756501035387, 0.111772229963967, 0.115623960983899, -0.957478377570975, 0.266308964995411, 0.110971580357887, 0.130947577447184, -0.957684778969775, 0.265872175489853, 0.11023543182619, 0.14688490734578, -0.957881741478667, 0.265443627286031, 0.109554781160068, 0.163392476288409, -0.958070839907282, 0.265021186986367, 0.108922156459059, 0.180426809451909, -0.958253398378674, 0.264603012023298, 0.108331299834912, 0.197944431896405, -0.958430542716234, 0.264187488564802, 0.107776925519743, 0.215901868818351, -0.958603240594243, 0.263773183285574, 0.107254533245037, 0.234255645758783, -0.958772332681945, 0.263358805430299, 0.10676026267272, 0.252962288779007, -0.958938557075158, 0.26294317659985, 0.106290778688433, 0.271978324612802, -0.959102568668118, 0.262525206387545, 0.105843180155337, 0.29126028080169, -0.959264954672031, 0.262103872482121, 0.105414926684706, 0.310764685818176, -0.959426247172046, 0.261678204202674, 0.105003779373066, 0.330448069181008, -0.959586933389328, 0.261247268681957, 0.104607752459762, 0.350266961565318, -0.959747464152275, 0.260810159097118, 0.104225073590827, 0.370177894910229, -0.959908260961979, 0.260365984481129, 0.103854150914263, 0.390137402526064, -0.960069721949262, 0.259913860747283, 0.10349354563309, 0.410102019202958, -0.960232226955282, 0.259452902632798, 0.103141948943756, 0.430028281322605, -0.960396141918639, 0.258982216322303, 0.102798162515591, 0.449872726974739, -0.960561822714949, 0.258500892552649, 0.102461081840957, 0.469591896079975, -0.960729618566743, 0.258008000030308, 0.102129681919412, 0.489142330520637, -0.960899875120273, 0.257502579014093, 0.101803004842366, 0.508480574281297, -0.961072937269588, 0.256983634930709, 0.101480148924833, 0.527563173600929, -0.961249151796088, 0.25645013189995, 0.101160259093179, 0.546346677138716, -0.961428869882642, 0.255900986050978, 0.100842518286301, 0.56478763615586, -0.961612449554827, 0.255335058511633, 0.100526139665393, 0.582842604715982, -0.961800258097337, 0.254751147949305, 0.100210359456532, 0.600468139907163, -0.961992674490848, 0.254147982534767, 0.0998944302724303, 0.617620802089058, -0.962190091913434, 0.253524211189243, 0.0995776147760593, 0.634257155169135, -0.962392920350825, 0.252878393959695, 0.0992591795602549, 0.650333766912711, -0.962601589361359, 0.252208991347291, 0.0989383891245886, 0.665807209292307, -0.962816551044408, 0.251514352388579, 0.0986144998339721, 0.680634058882817, -0.963038283265457, 0.25079270125704, 0.0982867537429065, 0.694770897310122, -0.963267293196907, 0.250042122113194, 0.0979543721649718, 0.708174311762294, -0.963504121241468, 0.249260541882584, 0.0976165488588233, 0.720800895574222, -0.963749345414743, 0.248445710580631, 0.0972724426892784, 0.732607248898674, -0.964003586275899, 0.247595178728766, 0.0969211696043531, 0.743549979479357, -0.964267512510454, 0.246706271313804, 0.0965617937454662, 0.75358570354493, -0.96454184728802, 0.245776057627565, 0.0961933174771813, 0.762671046846718, -0.964827375540989, 0.244801316180175, 0.0958146700831431, 0.770762645868102, -0.965149267069593, 0.243689970265965, 0.0954048775839057, 0.778195198376362, -0.965528427490864, 0.242363588712004, 0.0949460192617738, 0.785331999014407, -0.965959475366105, 0.240838369811935, 0.0944413658137632, 0.792172636903911, -0.966437267243373, 0.239129526197818, 0.0938939730950209, 0.798716747926865, -0.966956895735978, 0.237251387017252, 0.0933067047271025, 0.804963994582038, -0.967513686092368, 0.235217489460778, 0.0926822522154481, 0.810914048168707, -0.968103191649157, 0.233040660940395, 0.0920231528865427, 0.816566573031299, -0.968721188472292, 0.230733093060252, 0.0913318059149139, 0.821921212635519, -0.969363669422404, 0.228306408382182, 0.0906104866754457, 0.826977577278268, -0.970026837825588, 0.225771720868963, 0.0898613596266911, 0.831735233260659, -0.970707100887233, 0.223139690784647, 0.0890864899052348, 0.836193693376708, -0.971401062951748, 0.220420574741843, 0.0882878537891265, 0.840352408590348, -0.972105518683298, 0.217624271508672, 0.0874673481694484, 0.844210760790623, -0.97281744622045, 0.214760364121654, 0.0866267991527811, 0.847768056530096, -0.973534000339788, 0.211838158793621, 0.0857679699033231, 0.851023521664464, -0.974252505649159, 0.208866721056823, 0.0848925678213752, 0.853976296822951, -0.974970449819428, 0.205854909539572, 0.0840022511445814, 0.856625433649145, -0.975685476853937, 0.202811407739356, 0.083098635049475, 0.858969891760914, -0.976395380386658, 0.199744754125503, 0.0821832973233362, 0.861008536386147, -0.97709809699297, 0.196663370879688, 0.0812577836699676, 0.862740136638286, -0.977791699490686, 0.193575591562356, 0.0803236127075944, 0.864163364402313, -0.978474390203085, 0.190489687976986, 0.0793822807125897, 0.865276793808024, -0.979144494150018, 0.187413896491877, 0.0784352661590255, 0.866078901273191, -0.979800452127434, 0.184356444070447, 0.0774840341010742, 0.866568066104806, -0.98044081362957, 0.181325574255764, 0.0765300404429756, 0.866742571651938, -0.981064229561521, 0.178329573353072, 0.0755747361396025, 0.866600607009103, -0.98166944468248, 0.17537679705541, 0.074619571369559, 0.866140269274397, -0.982255289711604, 0.172475697762028, 0.073665999722219, 0.86535956637217, -0.982820673018722, 0.169634852847296, 0.0727154824401361, 0.864256420455814, -0.983364571810817, 0.166862994149293, 0.0717694927588428, 0.862828671912309, -0.983886022711897, 0.164169038962537, 0.0708295203872048, 0.861074083996834, -0.984384111618196, 0.161562122838517, 0.0698970761732311, 0.858990348132922, -0.984857962692025, 0.159051634521334, 0.0689736970025982, 0.856575089921634, -0.985306726335515, 0.156647253374157, 0.0680609509801566, 0.853825875912105, -0.985729565959196, 0.154358989685948, 0.0671604429484231, 0.850740221195856, -0.986125643328956, 0.152197228287619, 0.0662738204015673, 0.847315597898603, -0.986494102237442, 0.150172775953193, 0.0654027798587776, 0.843549444656313, -0.986834050201048, 0.148296913115511, 0.0645490737672203, 0.839439177177097, -0.987144537829764, 0.146581450488576, 0.0637145180122007, 0.834982200007775, -0.987424535452402, 0.145038791260889, 0.0629010001207256, 0.830175919643843, -0.987672906501737, 0.143681999607423, 0.0621104882545956, 0.82501775914477, -0.987888377069936, 0.14252487636373, 0.0613450411005764, 0.819505174443597, -0.988069500930833, 0.141582042815706, 0.0606068187783033, 0.813635672571562, -0.988214619187516, 0.140869033684624, 0.0598980949015361, 0.807406832055752, -0.988321813536016, 0.140402400531232, 0.0592212699454175, 0.800816325791719, -0.98838885193159, 0.140199826967124, 0.0585788860916874, 0.79386194674504, -0.988413125194718, 0.140280257248384, 0.0579736437455655, 0.786541636897379, -0.988391572788798, 0.140664040037975, 0.0574084199423905, 0.778853519925998, -0.988320595627197, 0.141373089361162, 0.0568862888891746, 0.770795938193018, -0.988195953307207, 0.14243106504391, 0.0564105449159871, 0.762367494725308, -0.988012718557569, 0.143870974561319, 0.0559643694439349, 0.753199877983975, -0.987767329192478, 0.145713443697821, 0.0555274320104948, 0.742957727880793, -0.987456260370931, 0.147967389542988, 0.0550979626310233, 0.73168951254107, -0.987074874829584, 0.150645023346058, 0.0546742025202556, 0.719443990423588, -0.986617303907884, 0.153762017399783, 0.0542543789448142, 0.706270220852804, -0.986076289464258, 0.157337736552262, 0.0538366790674523, 0.692217580740147, -0.985442979869433, 0.161395539439376, 0.053419221962928, 0.677335787979788, -0.984706670892833, 0.165963156582692, 0.0530000278892642, 0.661674932252429, -0.983854479338691, 0.171073154715727, 0.0525769837552649, 0.645285514254001, -0.982870933520412, 0.17676349913977, 0.0521478035259157, 0.628218494700579, -0.981737459796442, 0.183078228607447, 0.051709982038184, 0.610525354865662, -0.980431738044303, 0.190068260198752, 0.051260740342353, 0.592258170905479, -0.978926890606015, 0.197792344850538, 0.050796960213828, 0.57346970485261, -0.97719045820371, 0.206318197496105, 0.0503151048650519, 0.554213515947348, -0.975183101664145, 0.21572382887696, 0.0498111220849611, 0.534544096980309, -0.972856948750362, 0.226099108438965, 0.049280324991222, 0.514517041603793, -0.970153479308861, 0.237547588283399, 0.0487172442329457, 0.494189250216276, -0.967000807113864, 0.250188615076045, 0.0481154437521495, 0.47361918413821, -0.963310170438116, 0.26415974694999, 0.047467290019596, 0.452867180505596, -0.958971382115564, 0.279619470362224, 0.0467636619365333, 0.431995843758874, -0.95384690994819, 0.296750168477244, 0.0459935853246686, 0.411070533955563, -0.947764156483649, 0.315761212805755, 0.0451437722424238, 0.390159977516758, -0.940505382757769, 0.336891908646821, 0.0441980417209286, 0.369337032455302, -0.931794580187627, 0.360413782220882, 0.0431365960432894, 0.348679647377417, -0.921280462477112, 0.38663129012949, 0.0419351278854018, 0.328272060731486, -0.908514687040086, 0.415879364888118, 0.0405637435736635, 0.308206291749396, -0.892924561840497, 0.448515151131795, 0.0389857161942594, 0.288583972625515, -0.873780134327633, 0.484899677849842, 0.0371561472101532, 0.26951855335862, -0.850157238755189, 0.525362938041951, 0.0350207470520353, 0.251137858771274, -0.820901741095077, 0.570143046862407, 0.0325151900120854, 0.233586860772932, -0.784607273662615, 0.619287722289484, 0.0295659117434477, 0.217030299385077, -0.739630671930958, 0.672506937923727, 0.0260938227059811, 0.201654379759778, -0.684185910401911, 0.728975050220743, 0.0220230825084587, 0.187666139872025, -0.61657218955869, 0.787108339678275, 0.0172973024403404, 0.17528828161807, -0.535585171142166, 0.844397309246159, 0.0119041417357034, 0.164746639838193, -0.441097187813027, 0.897439917658431, 0.00590466736292206, 0.156247895298963, -0.334648858539819, 0.942342743139521, -0.000543994742233868, 0.149947857640272, -0.219729203757178, 0.975534405451334, -0.00719032662318472, 0.145916098282585, -0.101416698932014, 0.994749332322894, -0.0137265808157239, 0.1441085293131, 0.0146377391028628, 0.999695715921069, -0.019854776831247, 0.144360376802423, 0.123454382975802, 0.992026392178332, -0.0253505926105636, 0.146404444435716, 0.221605609371256, 0.974671841700101, -0.0300957620293582, 0.149907779064776, 0.307440157772596, 0.950957223337812, -0.0340721113287685, 0.154512816172728, 0.380777821856416, 0.923912644720228, -0.0373319609497851, 0.15987097269572, 0.442390292768251, 0.895931737675527, -0.0399643627514845, 0.165663589106385, 0.493518546357514, 0.868717242547261, -0.0420689541378197, 0.171611187952852, 0.53553139606813, 0.843381832310645, -0.0437402418106968, 0.177474699074838, 0.569726705189554, 0.820597984722996, -0.0450602803188508, 0.18305233730559, 0.597236452172372, 0.800739486272716, -0.0460965868613373, 0.188174774483073, 0.618994339495494, 0.783993712662371, -0.0469027310335864, 0.192700148954422, 0.636123841582423, 0.770124407821768, -0.0474853098083026, 0.196650951701405, 0.649626295662283, 0.758746608857918, -0.0478462070671256, 0.200110350635798, 0.660004395135412, 0.749725735359362, -0.0480158321994217, 0.203055741006446, 0.667650642798814, 0.742924600636647, -0.0480172566814242, 0.205476001987354, 0.672867998785922, 0.738212259072051, -0.0478677006505172, 0.207369163883246, 0.675886452541872, 0.735468338051409, -0.0475796909853628, 0.208740637157284, 0.676876058310372, 0.734584611882087, -0.0471619515314759, 0.209601869302221, 0.675957059056559, 0.735464902099958, -0.0466200824828415, 0.20996932712609, 0.673207686572499, 0.738023954730008, -0.0459570776310036, 0.209863726982069, 0.668670148180133, 0.742185669492497, -0.045173719491902, 0.209309454481296, 0.662355230610939, 0.74788088243563, -0.044268884892586, 0.208334129342883, 0.654245884919209, 0.755044795230859, -0.0432397879397211, 0.206968281284117, 0.644300107955632, 0.763614078398832, -0.0420821833970519, 0.205245110089104, 0.632453406647227, 0.773523638523687, -0.0407905511778625, 0.203200307867785, 0.618621119688411, 0.784703024042291, -0.0393582816487169, 0.200871924507401, 0.602700874630116, 0.797072448021258, -0.0377778814320154, 0.19830025876834, 0.584575472835382, 0.810538430316732, -0.0360412199984578, 0.195527757641726, 0.564116514417846, 0.824989108788979, -0.0341398380287154, 0.1925989056859, 0.541189091077134, 0.840289344072903, -0.0320653385548183, 0.189560084332065, 0.515657873417145, 0.856275848440699, -0.0298098802424431, 0.186459378920013, 0.487394882541981, 0.872752706906656, -0.0273667875168634, 0.183346308974746, 0.456289140458631, 0.889487821130726, -0.0247312830164193, 0.180271455671282, 0.422258215178999, 0.906210975074418, -0.021901332574054, 0.177285960538082, 0.385261394216942, 0.922614360226239, -0.0188785706647722, 0.174440872450223, 0.345313830246326, 0.938356453265577, -0.0156692455293252, 0.171786327214044, 0.3025005320263, 0.953070041845852, -0.0122850909541196, 0.169370556711645, 0.256988595145231, 0.966374877773169, -0.00874400218281915, 0.167238743151822, 0.209035704678731, 0.977894864213727, -0.00507037610860443, 0.16543175766971, 0.158992854972671, 0.987278884150723, -0.00129498175356132, 0.163984848708947, 0.107299570367303, 0.994223476604806, 0.00254573503042001, 0.162926369711347, 0.0544707456291987, 0.998494786044654, 0.00641093692375493, 0.162276651654558, 0.00107547961139742, 0.99994681519492, 0.0102571986986015, 0.162047128050565, -0.0522902992897458, 0.998533216538452, 0.0140406577325337, 0.162239804474953, -0.105034392448649, 0.994310718059381, 0.0177192650858265, 0.162847131952786, -0.156598391410936, 0.987433630468939, 0.0212548635949245, 0.163852298790887, -0.206483669323179, 0.978140380239479, 0.0246148501479079, 0.165229907604867, -0.254270582593074, 0.966734253507711, 0.0277732591293952, 0.166946963228071, -0.299629478805478, 0.953561218309617, 0.030711209136686, 0.168964070664128, -0.342323510553008, 0.93898771797212, 0.0334167565777337, 0.171236733689127, -0.382204401736774, 0.923380806673299, 0.0358842745558949, 0.173716652819762, -0.419203003959068, 0.907092168204327, 0.0381135127489704, 0.176352941358517, -0.453316687789332, 0.890446679565432, 0.0401084956412624, 0.179093203939586, -0.484595437337303, 0.873735446147449, 0.0418763926023555, 0.181884447811887, -0.513128113745586, 0.857212740073827, 0.0434264566712344, 0.184673819115023, -0.539029874404165, 0.841096024862393, 0.0447690904588302, 0.187409172737231, -0.562431288201321, 0.82556820003634, 0.0459150644229101, 0.190039494765188, -0.583469330837758, 0.810781280520266, 0.0468748880495467, 0.192515201872541, -0.602280194591334, 0.796860873608877, 0.047658318416845, 0.194788343547349, -0.61899369414163, 0.783910983017744, 0.0482739817816335, 0.196812732169342, -0.633728972132451, 0.772018825305555, 0.048729080165516, 0.198544023769123, -0.647517391112858, 0.760469867523006, 0.0490592376208464, 0.200123259080689, -0.661286828839634, 0.748511447301072, 0.0492985117673414, 0.20172223457027, -0.674992746934988, 0.736165356865101, 0.0494505706421908, 0.203343805334704, -0.688592913319008, 0.723455358134659, 0.0495191327982792, 0.204990344667186, -0.702047583230834, 0.710407032027753, 0.0495079763802158, 0.206663728322817, -0.715319664032628, 0.697047594243729, 0.0494209430027156, 0.208365322861312, -0.728374858288264, 0.683405682874838, 0.0492619369079922, 0.210095978029561, -0.741181780581033, 0.669511123702449, 0.0490349199388882, 0.21185602309615, -0.753712044612214, 0.655394679361422, 0.0487439029132431, 0.213645266999511, -0.76594031825828, 0.641087788686857, 0.0483929340193348, 0.215463002122629, -0.777844345409645, 0.626622302486183, 0.0479860848700472, 0.217308011462209, -0.789404934520537, 0.612030221713642, 0.0475274348537491, 0.219178578921042, -0.800605914824458, 0.597343443582442, 0.0470210544029276, 0.221072502420308, -0.811434062076259, 0.582593520559774, 0.0464709877686074, 0.222987109504079, -0.821878996442697, 0.567811436485736, 0.0458812358415811, 0.224919275092737, -0.831933055760591, 0.553027403276606, 0.0452557395031881, 0.226865441034452, -0.841591147807571, 0.538270680854366, 0.0445983639219231, 0.228821637104679, -0.850850585486463, 0.523569422124499, 0.0439128841407715, 0.230783503111981, -0.85971090892026, 0.508950544035712, 0.0432029722270683, 0.232746311783193, -0.868173698406606, 0.49443962502583, 0.0424721861847539, 0.234704992121332, -0.876242382009578, 0.480060828508866, 0.041723960760715, 0.236654152954595, -0.883922041296033, 0.465836851503748, 0.0409616002144585, 0.23858810642249, -0.891219218378412, 0.451788897053712, 0.0401882730651947, 0.240500891175488, -0.898141727029957, 0.437936668739199, 0.0394070087834667, 0.242386295095544, -0.904698470214048, 0.424298385343759, 0.0386206963562447, 0.244237877375932, -0.910899265936698, 0.410890813585454, 0.0378320846249413, 0.246048989829496, -0.916754682906683, 0.39772931676615, 0.0370437842748108, 0.247812797323341, -0.922275887084568, 0.384827917206808, 0.0362582713410765, 0.249522297265391, -0.927474499829739, 0.372199370416374, 0.0354778920911439, 0.251170338093197, -0.932362468020034, 0.359855249073001, 0.0347048691425276, 0.252749636738176, -0.936951946225355, 0.347806035067663, 0.0339413086817541, 0.254252795058661, -0.941255190765893, 0.33606121806125, 0.0331892086596104, 0.25567231525279, -0.9452844652765, 0.324629399227973, 0.0324504678518927, 0.257000614277888, -0.949051957228908, 0.31351839909287, 0.0317268956915424, 0.258230037315994, -0.95256970472926, 0.302735368613622, 0.0310202227971609, 0.259352870336729, -0.955849532805449, 0.29228690290277, 0.0303321121439227, 0.260361351818111, -0.958902998322104, 0.28217915723335, 0.029664170845561, 0.261247683694258, -0.961741342605408, 0.272417965218081, 0.029017962540243, 0.262004041606093, -0.964375450819967, 0.26300895930051, 0.0283950203988089, 0.262622584537624, -0.966815817110079, 0.253957693947965, 0.0277968608012047, 0.263095463926417, -0.969072514492452, 0.245269772194706, 0.0272249977563682, 0.263414832343144, -0.971155168460863, 0.236950976454477, 0.0266809581728686, 0.263572851841498, -0.973072933229549, 0.229007404811674, 0.0261662981230399, 0.263561702087383, -0.974834469494472, 0.221445614318329, 0.0256826202831665, 0.263373588385036, -0.976447922522881, 0.214272773180926, 0.0252315927777907, 0.26300074972873, -0.977920899282838, 0.207496824130361, 0.0248149697090333, 0.262435467022084, -0.979260443185161, 0.201126661746887, 0.024434613714041, 0.261670071624235, -0.980473004817219, 0.195172327080724, 0.0240925209678865, 0.260696954403684, -0.981564406783911, 0.18964522359449, 0.0237908491387899, 0.259508575508113, -0.982539800413661, 0.184558359289158, 0.0235319489115775, 0.258097475093645, -0.98342565859308, 0.179813741570681, 0.0232592425310723, 0.25623049025679, -0.984252039220607, 0.175279267177284, 0.0229150995605697, 0.253700992901366, -0.985027778034592, 0.170921143336277, 0.022499761351055, 0.25054150372655, -0.985760412794764, 0.166708892662804, 0.0220125798996248, 0.246784671816225, -0.986456434928898, 0.162614611585109, 0.0214520415437075, 0.242463253953441, -0.987121487441762, 0.158612335700614, 0.0208157631221837, 0.237610098127772, -0.987760521702824, 0.154677481251547, 0.0201004616624064, 0.232258130347048, -0.988377922285883, 0.150786337265887, 0.0193018971031053, 0.226440344090129, -0.98897760650345, 0.146915586272872, 0.0184147860374549, 0.220189791905771, -0.989563103353282, 0.143041833222273, 0.0174326828180135, 0.213539578790956, -0.990137615050012, 0.139141122476518, 0.0163478224558782, 0.206522857082849, -0.99070406297412, 0.135188421504205, 0.0151509173904709, 0.199172822681085, -0.991265118574186, 0.131157047014627, 0.0138308971692793, 0.191522712488802, -0.991823218337695, 0.12701800437031, 0.0123745760348162, 0.183605803027463, -0.992380560190312, 0.122739203570265, 0.0107662279048627, 0.175455410249255, -0.99293907629695, 0.118284503906389, 0.00898704056841326, 0.167104890647591, -0.993500373765392, 0.113612522986309, 0.00701441007583093, 0.158587643860827, -0.99406562946178, 0.108675121725947, 0.00482102070158829, 0.149937117088452, -0.994635416811662, 0.103415441255577, 0.00237363303940206, 0.141186811811662, -0.995209428974791, 0.0977653142195486, -0.000368531169166004, 0.13237029356035, -0.995786040431925, 0.0916417915030164, -0.00345597034516972, 0.123521205843111, -0.996361611079796, 0.0849423990158287, -0.00695189297305045, 0.114673289933442, -0.99692937086592, 0.0775385388349475, -0.0109363842389903, 0.105860413119699, -0.997477604744467, 0.0692661240205862, -0.0155123207936736, 0.0971166095134, -0.997986639498765, 0.0599119954020151, -0.0208139421761141, 0.0884761400045743, -0.998423717163209, 0.0491937418702809, -0.0270195626685629, 0.079973582268209, -0.99873401226556, 0.0367289073649621, -0.0343709195063557, 0.0716439694648383, -0.998824333289106, 0.0219865693457256, -0.0432034952055805, 0.0635230107209619, -0.998532303007795, 0.00420857515663512, -0.0539956270923846, 0.0556474546783011, -0.997565153059129, -0.0177235506582131, -0.0674510278215474, 0.048055715409169, -0.9953708686736, -0.0455232359572332, -0.0846431851004214, 0.0407890066326882, -0.990847318290036, -0.0819317117529731, -0.10727901214437, 0.0338935262195363, -0.981628855466454, -0.131551812093096, -0.138198809150594, 0.0274249809142071, -0.962160417812382, -0.202489160428204, -0.18233340424668, 0.0214587945989063, -0.917963863774236, -0.309321311311519, -0.24831969549997, 0.0161153898767648, -0.807925730861837, -0.474972132812637, -0.348794332612761, 0.0116271423340996, -0.527721963175771, -0.701143568401692, -0.479486419068207, 0.00849207786882041, -0.0119430538201003, -0.840223210188755, -0.542109140787677, 0.0074687508655897, 0.442053155489305, -0.764156457451125, -0.469738135834952, 0.0084827171204464, 0.676218016289845, -0.634461667157153, -0.374416328908334, 0.0103553703425532, 0.788259055806298, -0.534610248239904, -0.304695821133524, 0.0122240737573176, 0.847256446333172, -0.464822002071822, -0.257093408194042, 0.0137106840142392, 0.881784691171448, -0.415203864558293, -0.223744294388779, 0.0146425535152584, 0.903796717713639, -0.378645890616218, -0.199446189659025, 0.0149236919162285, 0.918788156802499, -0.3507634593775, -0.181089255575794, 0.014489282847239, 0.92953542408823, -0.328854514664818, -0.166789099013339, 0.0132886541194076, 0.937558166864182, -0.311203100730937, -0.155361880272239, 0.0112781955640244, 0.943744938818655, -0.296680509948134, -0.146034809107582, 0.00841811120384031, 0.948644350470521, -0.284519037019149, -0.138285262750806, 0.00467080145821594, 0, 0, 1, 0 ]
                      }
                    },
                    { "OrientationInterpolator":
                      {
                        "@DEF": "ViewpointAnimationRotationInterpolator",
                        "-metadata": { "MetadataSet":
                          {
                            "@DEF": "Interpolator_2",
                            "@name": "Interpolator",
                            "@reference": "http://titania.create3000.de",
                            "-value": [
                              { "MetadataInteger":
                                {
                                  "@DEF": "key_2",
                                  "@name": "key",
                                  "@reference": "http://titania.create3000.de",
                                  "@value": [ 0, 75, 150, 225, 300 ]
                                }
                              },
                              { "MetadataDouble":
                                {
                                  "@DEF": "keyValue_2",
                                  "@name": "keyValue",
                                  "@reference": "http://titania.create3000.de",
                                  "@value": [ 0, 0, 1, 0, 0, 1, 0, 4.7123888611754, 0, 1, 0, 3.14159253438051, 0, 1, 0, 1.5707963267949, 0, 0, 1, 0 ]
                                }
                              },
                              { "MetadataString":
                                {
                                  "@DEF": "keyType_2",
                                  "@name": "keyType",
                                  "@reference": "http://titania.create3000.de",
                                  "@value": [ "SPLINE", "SPLINE", "SPLINE", "SPLINE", "SPLINE" ]
                                }
                              },
                              { "MetadataInteger":
                                {
                                  "@DEF": "keySize_2",
                                  "@name": "keySize",
                                  "@reference": "http://titania.create3000.de",
                                  "@value": [ 1 ]
                                }
                              }
                            ]
                          }
                        },
                        "@key": [ 0, 0.00333333, 0.00666667, 0.01, 0.0133333, 0.0166667, 0.02, 0.0233333, 0.0266667, 0.03, 0.0333333, 0.0366667, 0.04, 0.0433333, 0.0466667, 0.05, 0.0533333, 0.0566667, 0.06, 0.0633333, 0.0666667, 0.07, 0.0733333, 0.0766667, 0.08, 0.0833333, 0.0866667, 0.09, 0.0933333, 0.0966667, 0.1, 0.103333, 0.106667, 0.11, 0.113333, 0.116667, 0.12, 0.123333, 0.126667, 0.13, 0.133333, 0.136667, 0.14, 0.143333, 0.146667, 0.15, 0.153333, 0.156667, 0.16, 0.163333, 0.166667, 0.17, 0.173333, 0.176667, 0.18, 0.183333, 0.186667, 0.19, 0.193333, 0.196667, 0.2, 0.203333, 0.206667, 0.21, 0.213333, 0.216667, 0.22, 0.223333, 0.226667, 0.23, 0.233333, 0.236667, 0.24, 0.243333, 0.246667, 0.25, 0.253333, 0.256667, 0.26, 0.263333, 0.266667, 0.27, 0.273333, 0.276667, 0.28, 0.283333, 0.286667, 0.29, 0.293333, 0.296667, 0.3, 0.303333, 0.306667, 0.31, 0.313333, 0.316667, 0.32, 0.323333, 0.326667, 0.33, 0.333333, 0.336667, 0.34, 0.343333, 0.346667, 0.35, 0.353333, 0.356667, 0.36, 0.363333, 0.366667, 0.37, 0.373333, 0.376667, 0.38, 0.383333, 0.386667, 0.39, 0.393333, 0.396667, 0.4, 0.403333, 0.406667, 0.41, 0.413333, 0.416667, 0.42, 0.423333, 0.426667, 0.43, 0.433333, 0.436667, 0.44, 0.443333, 0.446667, 0.45, 0.453333, 0.456667, 0.46, 0.463333, 0.466667, 0.47, 0.473333, 0.476667, 0.48, 0.483333, 0.486667, 0.49, 0.493333, 0.496667, 0.5, 0.503333, 0.506667, 0.51, 0.513333, 0.516667, 0.52, 0.523333, 0.526667, 0.53, 0.533333, 0.536667, 0.54, 0.543333, 0.546667, 0.55, 0.553333, 0.556667, 0.56, 0.563333, 0.566667, 0.57, 0.573333, 0.576667, 0.58, 0.583333, 0.586667, 0.59, 0.593333, 0.596667, 0.6, 0.603333, 0.606667, 0.61, 0.613333, 0.616667, 0.62, 0.623333, 0.626667, 0.63, 0.633333, 0.636667, 0.64, 0.643333, 0.646667, 0.65, 0.653333, 0.656667, 0.66, 0.663333, 0.666667, 0.67, 0.673333, 0.676667, 0.68, 0.683333, 0.686667, 0.69, 0.693333, 0.696667, 0.7, 0.703333, 0.706667, 0.71, 0.713333, 0.716667, 0.72, 0.723333, 0.726667, 0.73, 0.733333, 0.736667, 0.74, 0.743333, 0.746667, 0.75, 0.753333, 0.756667, 0.76, 0.763333, 0.766667, 0.77, 0.773333, 0.776667, 0.78, 0.783333, 0.786667, 0.79, 0.793333, 0.796667, 0.8, 0.803333, 0.806667, 0.81, 0.813333, 0.816667, 0.82, 0.823333, 0.826667, 0.83, 0.833333, 0.836667, 0.84, 0.843333, 0.846667, 0.85, 0.853333, 0.856667, 0.86, 0.863333, 0.866667, 0.87, 0.873333, 0.876667, 0.88, 0.883333, 0.886667, 0.89, 0.893333, 0.896667, 0.9, 0.903333, 0.906667, 0.91, 0.913333, 0.916667, 0.92, 0.923333, 0.926667, 0.93, 0.933333, 0.936667, 0.94, 0.943333, 0.946667, 0.95, 0.953333, 0.956667, 0.96, 0.963333, 0.966667, 0.97, 0.973333, 0.976667, 0.98, 0.983333, 0.986667, 0.99, 0.993333, 0.996667, 1 ],
                        "@keyValue": [ 0, 0, 1, 0, 0, -1, 0, 0.0209439236057784, 0, -1, 0, 0.0418878770139145, 0, -1, 0, 0.0628318304220335, 0, -1, 0, 0.0837757838301471, 0, -1, 0, 0.104719737238266, 0, -1, 0, 0.125663711995336, 0, -1, 0, 0.146607644054502, 0, -1, 0, 0.167551597462616, 0, -1, 0, 0.188495550870738, 0, -1, 0, 0.209439504278855, 0, -1, 0, 0.230383457686973, 0, -1, 0, 0.251327411095089, 0, -1, 0, 0.272271364503208, 0, -1, 0, 0.293215317911326, 0, -1, 0, 0.314159271319442, 0, -1, 0, 0.335103224727563, 0, -1, 0, 0.356047178135681, 0, -1, 0, 0.376991131543798, 0, -1, 0, 0.397935084951915, 0, -1, 0, 0.418879038360033, 0, -1, 0, 0.439822991768151, 0, -1, 0, 0.460766952387672, 0, -1, 0, 0.48171090520762, 0, -1, 0, 0.502654851992504, 0, -1, 0, 0.523598805400621, 0, -1, 0, 0.544542758808739, 0, -1, 0, 0.565486712216858, 0, -1, 0, 0.586430665624975, 0, -1, 0, 0.607374622584223, 0, -1, 0, 0.628318572441211, 0, -1, 0, 0.649262525849328, 0, -1, 0, 0.670206479257446, 0, -1, 0, 0.691150432665564, 0, -1, 0, 0.712094386073682, 0, -1, 0, 0.733038339481799, 0, -1, 0, 0.753982292889917, 0, -1, 0, 0.774926246298036, 0, -1, 0, 0.795870199706153, 0, -1, 0, 0.816814153114271, 0, -1, 0, 0.837758106522389, 0, -1, 0, 0.858702059930507, 0, -1, 0, 0.879646013338624, 0, -1, 0, 0.900589966746741, 0, -1, 0, 0.921533920154859, 0, -1, 0, 0.942477873562978, 0, -1, 0, 0.963421826971095, 0, -1, 0, 0.984365780379213, 0, -1, 0, 1.00530973378733, 0, -1, 0, 1.02625368719545, 0, -1, 0, 1.04719764060357, 0, -1, 0, 1.06814159401168, 0, -1, 0, 1.0890855474198, 0, -1, 0, 1.11002950082792, 0, -1, 0, 1.13097345423604, 0, -1, 0, 1.15191740764415, 0, -1, 0, 1.17286136105227, 0, -1, 0, 1.19380531446039, 0, -1, 0, 1.21474926786851, 0, -1, 0, 1.23569322127663, 0, -1, 0, 1.25663717468474, 0, -1, 0, 1.27758112809286, 0, -1, 0, 1.29852508150098, 0, -1, 0, 1.3194690349091, 0, -1, 0, 1.34041298831721, 0, -1, 0, 1.36135694172533, 0, -1, 0, 1.38230089513345, 0, -1, 0, 1.40324484854157, 0, -1, 0, 1.42418880194969, 0, -1, 0, 1.4451327553578, 0, -1, 0, 1.46607670876592, 0, -1, 0, 1.48702066217404, 0, -1, 0, 1.50796461558216, 0, -1, 0, 1.52890854224197, 0, -1, 0, 1.54985252239839, 0, 1, 0, 4.71238883137308, 0, 1, 0, 4.69144488034914, 0, 1, 0, 4.67050092932521, 0, 1, 0, 4.64955700581479, 0, 1, 0, 4.62861302727735, 0, 1, 0, 4.60766907625342, 0, 1, 0, 4.58672515064491, 0, 1, 0, 4.565781198964, 0, 1, 0, 4.54483724730428, 0, 1, 0, 4.52389327215769, 0, 1, 0, 4.50294932113376, 0, 1, 0, 4.4820053924523, 0, 1, 0, 4.46106144087735, 0, 1, 0, 4.4401174893236, 0, 1, 0, 4.41917351703803, 0, 1, 0, 4.3982295660141, 0, 1, 0, 4.37728563478951, 0, 1, 0, 4.35634168332053, 0, 1, 0, 4.33539773187274, 0, 1, 0, 4.31445378044614, 0, 1, 0, 4.29350982904074, 0, 1, 0, 4.27256585987051, 0, 1, 0, 4.25162192629352, 0, 1, 0, 4.23067797495169, 0, 1, 0, 4.20973402363106, 0, 1, 0, 4.18879005577478, 0, 1, 0, 4.16784612105338, 0, 1, 0, 4.14690216979633, 0, 1, 0, 4.12595821856047, 0, 1, 0, 4.1050142673458, 0, 1, 0, 4.08407031615233, 0, 1, 0, 4.06312636498005, 0, 1, 0, 4.04218241382896, 0, 1, 0, 4.02123846269906, 0, 1, 0, 4.00029451159036, 0, 1, 0, 3.97935054553546, 0, 1, 0, 3.95840660943653, 0, 1, 0, 3.93746265839141, 0, 1, 0, 3.91651869246367, 0, 1, 0, 3.89557475636474, 0, 1, 0, 3.87463080538319, 0, 1, 0, 3.85368685442284, 0, 1, 0, 3.83274290348368, 0, 1, 0, 3.81179895256571, 0, 1, 0, 3.79085500166893, 0, 1, 0, 3.76991105079335, 0, 1, 0, 3.74896709993896, 0, 1, 0, 3.72802314910576, 0, 1, 0, 3.70707919829376, 0, 1, 0, 3.68613524750295, 0, 1, 0, 3.66519129673333, 0, 1, 0, 3.6442473459849, 0, 1, 0, 3.62330339525767, 0, 1, 0, 3.60235944455163, 0, 1, 0, 3.58141549386678, 0, 1, 0, 3.56047154320313, 0, 1, 0, 3.53952759256067, 0, 1, 0, 3.5185836419394, 0, 1, 0, 3.49763969133932, 0, 1, 0, 3.47669574076044, 0, 1, 0, 3.45575176993717, 0, 1, 0, 3.43480783966625, 0, 1, 0, 3.4138638678893, 0, 1, 0, 3.39291993865683, 0, 1, 0, 3.37197598818391, 0, 1, 0, 3.35103201481751, 0, 1, 0, 3.33008806379358, 0, 1, 0, 3.3091441368923, 0, 1, 0, 3.28820018650416, 0, 1, 0, 3.2672562361372, 0, 1, 0, 3.24631228579144, 0, 1, 0, 3.22536833546687, 0, 1, 0, 3.20442438516349, 0, 1, 0, 3.1834804348813, 0, 1, 0, 3.16253645560212, 0, 1, 0, 3.14159253438051, 0, 1, 0, 3.12064858418281, 0, 1, 0, 3.0997046072987, 0, 1, 0, 3.07876068397137, 0, 1, 0, 3.05781673395424, 0, 1, 0, 3.03687276137946, 0, 1, 0, 3.01592883408866, 0, 1, 0, 2.99498486409997, 0, 1, 0, 2.97404091546022, 0, 1, 0, 2.95309698468661, 0, 1, 0, 2.93215301818073, 0, 1, 0, 2.91120908532966, 0, 1, 0, 2.89026513571942, 0, 1, 0, 2.86932117226149, 0, 1, 0, 2.84837722362174, 0, 1, 0, 2.827433274982, 0, 1, 0, 2.80648932634225, 0, 1, 0, 2.7855453777025, 0, 1, 0, 2.76460142906276, 0, 1, 0, 2.74365748042301, 0, 1, 0, 2.72271353178327, 0, 1, 0, 2.70176958314352, 0, 1, 0, 2.68082563450377, 0, 1, 0, 2.65988168586403, 0, 1, 0, 2.63893774328393, 0, 1, 0, 2.61799378858453, 0, 1, 0, 2.59704983994479, 0, 1, 0, 2.57610589130504, 0, 1, 0, 2.5551619426653, 0, 1, 0, 2.53421799402555, 0, 1, 0, 2.5132740453858, 0, 1, 0, 2.49233009674606, 0, 1, 0, 2.47138615033883, 0, 1, 0, 2.45044219946656, 0, 1, 0, 2.42949825222971, 0, 1, 0, 2.40855430218707, 0, 1, 0, 2.38761035354733, 0, 1, 0, 2.3666664051063, 0, 1, 0, 2.34572245606912, 0, 1, 0, 2.32477850762809, 0, 1, 0, 2.30383455898834, 0, 1, 0, 2.28289061034859, 0, 1, 0, 2.26194666170885, 0, 1, 0, 2.2410027130691, 0, 1, 0, 2.22005876442936, 0, 1, 0, 2.19911481578961, 0, 1, 0, 2.17817086714986, 0, 1, 0, 2.15722691851012, 0, 1, 0, 2.13628296987037, 0, 1, 0, 2.11533902123062, 0, 1, 0, 2.09439507259088, 0, 1, 0, 2.07345112395113, 0, 1, 0, 2.05250717531139, 0, 1, 0, 2.03156322667164, 0, 1, 0, 2.01061927803189, 0, 1, 0, 1.98967532092387, 0, 1, 0, 1.96873137161203, 0, 1, 0, 1.94778743211266, 0, 1, 0, 1.92684347289256, 0, 1, 0, 1.90589953483316, 0, 1, 0, 1.88495558619342, 0, 1, 0, 1.86401163755367, 0, 1, 0, 1.84306768891392, 0, 1, 0, 1.82212374027418, 0, 1, 0, 1.80117977584575, 0, 1, 0, 1.78023584299469, 0, 1, 0, 1.75929189435494, 0, 1, 0, 1.73834794571519, 0, 1, 0, 1.71740397693858, 0, 1, 0, 1.6964600484357, 0, 1, 0, 1.67551609979595, 0, 1, 0, 1.65457212722117, 0, 1, 0, 1.63362820251646, 0, 1, 0, 1.61268422712841, 0, 1, 0, 1.5917402769926, 0, 1, 0, 1.5707963267949, 0, 1, 0, 1.5498523765551, 0, 1, 0, 1.52890845454936, 0, 1, 0, 1.50796447601192, 0, 1, 0, 1.4870205525015, 0, 1, 0, 1.46607660147756, 0, 1, 0, 1.44513262503821, 0, 1, 0, 1.42418867467125, 0, 1, 0, 1.4032447242831, 0, 1, 0, 1.38230077387376, 0, 1, 0, 1.3613568463579, 0, 1, 0, 1.3404128729915, 0, 1, 0, 1.31946894431004, 0, 1, 0, 1.29852497202447, 0, 1, 0, 1.27758104226217, 0, 1, 0, 1.25663709123824, 0, 1, 0, 1.23569312041497, 0, 1, 0, 1.21474918919038, 0, 1, 0, 1.19380521923601, 0, 1, 0, 1.17286128714251, 0, 1, 0, 1.15191733611858, 0, 1, 0, 1.13097338509465, 0, 1, 0, 1.11002943407072, 0, 1, 0, 1.08908548304679, 0, 1, 0, 1.0681415151905, 0, 1, 0, 1.04719758099892, 0, 1, 0, 1.02625361367246, 0, 1, 0, 1.00530967895106, 0, 1, 0, 0.984365727927126, 0, 1, 0, 0.963421761236445, 0, 1, 0, 0.942477825879262, 0, 1, 0, 0.92153387485533, 0, 1, 0, 0.900589908609697, 0, 1, 0, 0.879645972807466, 0, 1, 0, 0.858702021783534, 0, 1, 0, 0.837758055792214, 0, 1, 0, 0.81681411973567, 0, 1, 0, 0.795870153807928, 0, 1, 0, 0.774926217687805, 0, 1, 0, 0.753982266663874, 0, 1, 0, 0.733038315639942, 0, 1, 0, 0.71209436461601, 0, 1, 0, 0.691150413592078, 0, 1, 0, 0.670206447346445, 0, 1, 0, 0.649262511544214, 0, 1, 0, 0.628318560520281, 0, 1, 0, 0.607374609496349, 0, 1, 0, 0.586430658472418, 0, 1, 0, 0.565486707448485, 0, 1, 0, 0.544542740122021, 0, 1, 0, 0.523598788843777, 0, 1, 0, 0.50265485437669, 0, 1, 0, 0.481710903352757, 0, 1, 0, 0.460766952328825, 0, 1, 0, 0.439822983518868, 0, 1, 0, 0.418879050280962, 0, 1, 0, 0.397935080729257, 0, 1, 0, 0.376991129302664, 0, 1, 0, 0.356047177854877, 0, 1, 0, 0.335103246185233, 0, 1, 0, 0.3141592951613, 0, 1, 0, 0.293215323384357, 0, 1, 0, 0.2722713718518, 0, 1, 0, 0.251327442089505, 0, 1, 0, 0.230383468723103, 0, 1, 0, 0.20943951712697, 0, 1, 0, 0.188495565509638, 0, 1, 0, 0.167551637993777, 0, 1, 0, 0.146607662211405, 0, 1, 0, 0.125663735945915, 0, 1, 0, 0.104719758828385, 0, 1, 0, 0.0837758071051034, 0, 1, 0, 0.0628318828741104, 0, 1, 0, 0.0418879318501741, 0, 1, 0, 0.0209439808262507, 0, 0, 1, 0 ]
                      }
                    }
                  ]
                }
              },
              { "Viewpoint":
                {
                  "@DEF": "_1",
                  "@description": "Initial View",
                  "@position": [ 1.07653, 5.08312, 14.4269 ],
                  "@orientation": [ -0.96026943294108, 0.25934616159498, 0.103063983160787, 0.434376284282661 ],
                  "@centerOfRotation": [ 0.110902, -0.135934, -0.207341 ]
                }
              }
            ]
          }
        },
        { "Group":
          {
            "@DEF": "Venus",
            "-children": [
              { "TextureBackground":
                {
                  "@DEF": "CloudySky",
                  "-frontTexture": { "ImageTexture":
                    {
                      "@url": [ "cloudy-sky/cloudy-sky-front.jpg" ],
                      "-textureProperties": { "TextureProperties":
                        {
                          "@DEF": "_2",
                          "@minificationFilter": "DEFAULT",
                          "@magnificationFilter": "DEFAULT",
                          "@boundaryModeS": "CLAMP_TO_EDGE",
                          "@boundaryModeT": "CLAMP_TO_EDGE",
                          "@boundaryModeR": "CLAMP_TO_EDGE",
                          "@textureCompression": "DEFAULT"
                        }
                      }
                    }
                  },
                  "-backTexture": { "ImageTexture":
                    {
                      "@url": [ "cloudy-sky/cloudy-sky-back.jpg" ],
                      "-textureProperties": { "TextureProperties":
                        {
                          "@USE": "_2"
                        }
                      }
                    }
                  },
                  "-leftTexture": { "ImageTexture":
                    {
                      "@url": [ "cloudy-sky/cloudy-sky-left.jpg" ],
                      "-textureProperties": { "TextureProperties":
                        {
                          "@USE": "_2"
                        }
                      }
                    }
                  },
                  "-rightTexture": { "ImageTexture":
                    {
                      "@url": [ "cloudy-sky/cloudy-sky-right.jpg" ],
                      "-textureProperties": { "TextureProperties":
                        {
                          "@USE": "_2"
                        }
                      }
                    }
                  },
                  "-topTexture": { "ImageTexture":
                    {
                      "@url": [ "cloudy-sky/cloudy-sky-top.jpg" ],
                      "-textureProperties": { "TextureProperties":
                        {
                          "@USE": "_2"
                        }
                      }
                    }
                  },
                  "-bottomTexture": { "ImageTexture":
                    {
                      "@url": [ "cloudy-sky/cloudy-sky-bottom.jpg" ],
                      "-textureProperties": { "TextureProperties":
                        {
                          "@USE": "_2"
                        }
                      }
                    }
                  }
                }
              },
              { "Inline":
                {
                  "@DEF": "venus",
                  "@url": [ "venus.x3d", "file:///home/holger/Projekte/Library/Components/Navigation/Viewpoint/venus.x3d" ]
                }
              }
            ]
          }
        },
        { "Script":
          {
            "@DEF": "EnterWorlScript",
            "#sourceText": [
"ecmascript:",
"",
"function initialize ()",
"{",
"\tBrowser .setBrowserOption (\"PrimitiveQuality\", \"HIGH\");",
"\tBrowser .setBrowserOption (\"Shading\",          \"PHONG\");",
"}"
            ]
          }
        },
        { "ROUTE":
          {
            "@fromNode": "ViewpointAnimationTimer",
            "@fromField": "fraction_changed",
            "@toNode": "PositionInterpolator",
            "@toField": "set_fraction"
          }
        },
        { "ROUTE":
          {
            "@fromNode": "PositionInterpolator",
            "@fromField": "value_changed",
            "@toNode": "_1",
            "@toField": "position"
          }
        },
        { "ROUTE":
          {
            "@fromNode": "OrientationInterpolator",
            "@fromField": "value_changed",
            "@toNode": "_1",
            "@toField": "orientation"
          }
        },
        { "ROUTE":
          {
            "@fromNode": "ViewpointAnimationTimer",
            "@fromField": "fraction_changed",
            "@toNode": "OrientationInterpolator",
            "@toField": "set_fraction"
          }
        },
        { "ROUTE":
          {
            "@fromNode": "ViewpointAnimationTimer",
            "@fromField": "fraction_changed",
            "@toNode": "ViewpointAnimationRotationInterpolator",
            "@toField": "set_fraction"
          }
        },
        { "ROUTE":
          {
            "@fromNode": "ViewpointAnimationRotationInterpolator",
            "@fromField": "value_changed",
            "@toNode": "ViewpointAnimationGroup",
            "@toField": "rotation"
          }
        }
      ]
    }
  }
}
