{ "X3D": {
    "encoding": "UTF-8",
    "@profile": "Full",
    "@version": "3.3",
    "@xsd:noNamespaceSchemaLocation": "http://www.web3d.org/specifications/x3d-3.3.xsd",
    "JSON schema": "http://www.web3d.org/specifications/x3d-3.3-JSONSchema.json",
    "head": {
      "meta": [
        {
          "@name": "comment",
          "@content": "World of Titania"
        }
      ]
    },
    "Scene": {
      "-children": [
        { "NavigationInfo":
          {
            "@type": [ "EXAMINE" ],
            "@transitionType": [ "ANIMATE" ]
          }
        },
        { "Background":
          {
            "@skyAngle": [ 1.5708 ],
            "@skyColor": [ 0.1, 0.1, 0.1, 0.3, 0.3, 0.3 ],
            "@groundAngle": [ 1.5708 ],
            "@groundColor": [ 0.1, 0.1, 0.1, 0.3, 0.3, 0.3 ]
          }
        },
        { "Viewpoint":
          {
            "@description": "Initial View",
            "@position": [ 0, 0, 3.4142 ]
          }
        },
        { "Transform":
          {
            "@DEF": "Rectangle2D",
            "-children": [
              { "Shape":
                {
                  "-appearance": { "Appearance":
                    {
                      "-material": { "Material":
                        {
                          "@DEF": "Santafe30",
                          "@ambientIntensity": 0.0611001,
                          "@diffuseColor": [ 0.241185, 0.100458, 0.100458 ],
                          "@specularColor": [ 0.00916127, 0.0158039, 0.108627 ],
                          "@shininess": 0.037234
                        }
                      }
                    }
                  },
                  "-geometry": { "Disk2D":
                    {
                      "@innerRadius": 0.5
                    }
                  }
                }
              }
            ]
          }
        }
      ]
    }
  }
}
