{ "X3D": {
    "encoding": "UTF-8",
    "@profile": "Full",
    "@version": "3.3",
    "@xsd:noNamespaceSchemaLocation": "http://www.web3d.org/specifications/x3d-3.3.xsd",
    "JSON schema": "http://www.web3d.org/specifications/x3d-3.3-JSONSchema.json",
    "head": {
      "meta": [
        {
          "@name": "comment",
          "@content": "World of Titania"
        }
      ]
    },
    "Scene": {
      "-children": [
        { "NavigationInfo":
          {
            "@type": [ "EXAMINE" ],
            "@transitionType": [ "ANIMATE" ]
          }
        },
        { "Background":
          {
            "@skyAngle": [ 1.5708 ],
            "@skyColor": [ 0.1, 0.1, 0.1, 0.3, 0.3, 0.3 ],
            "@groundAngle": [ 1.5708 ],
            "@groundColor": [ 0.1, 0.1, 0.1, 0.3, 0.3, 0.3 ]
          }
        },
        { "Viewpoint":
          {
            "@description": "Initial View",
            "@position": [ 2.50599, 2.75837, 5.90587 ],
            "@orientation": [ -0.704047440947535, 0.695566770035024, 0.143192420603437, 0.568942006035107 ],
            "@centerOfRotation": [ 8.07257e-07, 1.16639e-06, -8.87304e-07 ]
          }
        },
        { "Transform":
          {
            "@DEF": "Sphere",
            "-children": [
              { "Shape":
                {
                  "-appearance": { "Appearance":
                    {
                      "-material": { "Material":
                        {
                          "@ambientIntensity": 0.712006,
                          "@diffuseColor": [ 1, 1, 1 ],
                          "@specularColor": [ 1, 1, 0.7 ],
                          "@shininess": 0.81
                        }
                      },
                      "-texture": { "ImageTexture":
                        {
                          "@url": [ "pattern.png" ]
                        }
                      },
                      "-textureTransform": { "TextureTransform":
                        {
                          "@scale": [ 64, 32 ]
                        }
                      }
                    }
                  },
                  "-geometry": { "Sphere":
                    {
                      "@radius": 2
                    }
                  }
                }
              }
            ]
          }
        },
        { "Script":
          {
            "@DEF": "EnterWorldScript",
            "#sourceText": [
"ecmascript:",
"function initialize ()",
"{",
"\tBrowser .setBrowserOption (\"Shading\",          \"PHONG\");",
"\tBrowser .setBrowserOption (\"PrimitiveQuality\", \"HIGH\");",
"}"
            ]
          }
        }
      ]
    }
  }
}
