{ "X3D": {
    "encoding": "UTF-8",
    "@profile": "Full",
    "@version": "3.3",
    "@xsd:noNamespaceSchemaLocation": "http://www.web3d.org/specifications/x3d-3.3.xsd",
    "JSON schema": "http://www.web3d.org/specifications/x3d-3.3-JSONSchema.json",
    "head": {
      "meta": [
        {
          "@name": "comment",
          "@content": "World of Titania"
        }
      ]
    },
    "Scene": {
      "-children": [
        { "Background":
          {
            "@skyColor": [ 1, 1, 1 ]
          }
        },
        { "Viewpoint":
          {
            "@description": "Initial View"
          }
        },
        { "Transform":
          {
            "@DEF": "Ubuntu",
            "@translation": [ -5.89326, 0, 0 ],
            "-children": [
              { "Shape":
                {
                  "-appearance": { "Appearance":
                    {
                      "-material": { "Material":
                        {
                          "@ambientIntensity": 0,
                          "@diffuseColor": [ 0, 0, 0 ],
                          "@shininess": 0
                        }
                      }
                    }
                  },
                  "-geometry": { "Text":
                    {
                      "@string": [ "Ubuntu" ],
                      "-fontStyle": { "FontStyle":
                        {
                          "@family": [ "Ubuntu-B.ttf" ]
                        }
                      }
                    }
                  }
                }
              }
            ]
          }
        },
        { "Transform":
          {
            "@DEF": "Glyphs",
            "@translation": [ -5.89326, 0, 0 ],
            "-children": [
              { "Shape":
                {
                  "-appearance": { "Appearance":
                    {
                      "-material": { "Material":
                        {
                          "@ambientIntensity": 0,
                          "@diffuseColor": [ 0, 0, 0 ],
                          "@shininess": 0
                        }
                      }
                    }
                  },
                  "-geometry": { "Text":
                    {
                      "@string": [ "", "ABCDEFGHIJKLMNOP", "QRSTUVWXYZ", "äöüß@€!\"§$%&/()=?\\'" ],
                      "-fontStyle": { "FontStyle":
                        {
                          "@family": [ "Ubuntu-R.ttf" ]
                        }
                      }
                    }
                  }
                }
              }
            ]
          }
        }
      ]
    }
  }
}
