{ "X3D": {
    "encoding": "UTF-8",
    "@profile": "Full",
    "@version": "3.3",
    "@xsd:noNamespaceSchemaLocation": "http://www.web3d.org/specifications/x3d-3.3.xsd",
    "JSON schema": "http://www.web3d.org/specifications/x3d-3.3-JSONSchema.json",
    "head": {
      "meta": [
        {
          "@name": "comment",
          "@content": "World of Titania"
        }
      ]
    },
    "Scene": {
      "-children": [
        { "NavigationInfo":
          {
            "@type": [ "EXAMINE" ],
            "@transitionType": [ "ANIMATE" ]
          }
        },
        { "Background":
          {
            "@skyAngle": [ 1.5708 ],
            "@skyColor": [ 0.1, 0.1, 0.1, 0.3, 0.3, 0.3 ],
            "@groundAngle": [ 1.5708 ],
            "@groundColor": [ 0.1, 0.1, 0.1, 0.3, 0.3, 0.3 ]
          }
        },
        { "Viewpoint":
          {
            "@description": "Initial View",
            "@position": [ 0, 0, 3.08613 ],
            "@centerOfRotation": [ -0.0197983, -0.0453368, 0 ]
          }
        },
        { "Transform":
          {
            "@DEF": "Polyline2D",
            "-children": [
              { "Shape":
                {
                  "-appearance": { "Appearance":
                    {
                      "-lineProperties": { "LineProperties":
                        {
                          "@linewidthScaleFactor": 4
                        }
                      },
                      "-material": { "Material":
                        {
                          "@DEF": "Tropical26",
                          "@emissiveColor": [ 0.758, 0.0155368, 0 ]
                        }
                      }
                    }
                  },
                  "-geometry": { "Polyline2D":
                    {
                      "@lineSegments": [ -2, -1, -1, 0.5, 0, 0, 1, 1, 2, -0.5 ]
                    }
                  }
                }
              }
            ]
          }
        }
      ]
    }
  }
}
