{ "X3D": {
    "encoding": "UTF-8",
    "@profile": "Full",
    "@version": "3.3",
    "@xsd:noNamespaceSchemaLocation": "http://www.web3d.org/specifications/x3d-3.3.xsd",
    "JSON schema": "http://www.web3d.org/specifications/x3d-3.3-JSONSchema.json",
    "head": {
      "meta": [
        {
          "@name": "comment",
          "@content": "World of Titania"
        }
      ]
    },
    "Scene": {
      "-children": [
        { "NavigationInfo":
          {
            "@type": [ "EXAMINE" ],
            "@transitionType": [ "ANIMATE" ]
          }
        },
        { "Background":
          {
            "@skyAngle": [ 1.5708 ],
            "@skyColor": [ 0.1, 0.1, 0.1, 0.3, 0.3, 0.3 ],
            "@groundAngle": [ 1.5708 ],
            "@groundColor": [ 0.1, 0.1, 0.1, 0.3, 0.3, 0.3 ]
          }
        },
        { "Viewpoint":
          {
            "@description": "Initial View",
            "@position": [ 1.6601, 1.86573, 3.39588 ],
            "@orientation": [ -0.730489319807809, 0.661698585218296, 0.168938852745101, 0.672470512856416 ],
            "@centerOfRotation": [ 0.0358658, -0.154989, 0.0721112 ]
          }
        },
        { "Transform":
          {
            "@DEF": "Cylinder",
            "-children": [
              { "Shape":
                {
                  "-appearance": { "Appearance":
                    {
                      "-material": { "Material":
                        {
                          "@ambientIntensity": 0.712006,
                          "@diffuseColor": [ 1, 1, 1 ],
                          "@specularColor": [ 1, 1, 0.7 ],
                          "@shininess": 0.81
                        }
                      },
                      "-texture": { "ImageTexture":
                        {
                          "@url": [ "pattern.png" ]
                        }
                      },
                      "-textureTransform": { "TextureTransform":
                        {
                          "@scale": [ 8, 8 ]
                        }
                      }
                    }
                  },
                  "-geometry": { "Cylinder":
                    {
                    }
                  }
                }
              }
            ]
          }
        },
        { "Script":
          {
            "@DEF": "EnterWorldScript",
            "#sourceText": [
"ecmascript:",
"function initialize ()",
"{",
"\tBrowser .setBrowserOption (\"Shading\",          \"PHONG\");",
"\tBrowser .setBrowserOption (\"PrimitiveQuality\", \"HIGH\");",
"}"
            ]
          }
        }
      ]
    }
  }
}
