{ "X3D": {
    "encoding": "UTF-8",
    "@profile": "Full",
    "@version": "3.3",
    "@xsd:noNamespaceSchemaLocation": "http://www.web3d.org/specifications/x3d-3.3.xsd",
    "JSON schema": "http://www.web3d.org/specifications/x3d-3.3-JSONSchema.json",
    "head": {
      "meta": [
        {
          "@name": "comment",
          "@content": "World of Titania"
        }
      ]
    },
    "Scene": {
      "-children": [
        { "ProtoDeclare":
          {
            "@name":"RandomPoints",
            "ProtoInterface": {
              "field": [
                {
                  "@accessType": "inputOnly",
                  "@type": "SFTime",
                  "@name": "set_time"
                },
                {
                  "@accessType": "inputOutput",
                  "@type": "SFInt32",
                  "@name": "numPoints",
                  "@value": 10
                },
                {
                  "@accessType": "inputOutput",
                  "@type": "SFVec2f",
                  "@name": "minPosition",
                  "@value": [ -1, -1 ]
                },
                {
                  "@accessType": "inputOutput",
                  "@type": "SFVec2f",
                  "@name": "maxPosition",
                  "@value": [ 1, 1 ]
                }
              ]
            },
            "ProtoBody": {
              "-children": [
                { "Polypoint2D":
                  {
                    "@DEF": "Points",
                    "@point": [ -0.576111, 0.790332, 0.896354, 0.602625, -0.146651, -0.383391, -0.597787, -0.737423, -0.880578, 0.526405, -0.641779, -0.815982, 0.327375, -0.484279, 0.978737, 0.958676, -0.0282198, -0.706003, 0.344169, 0.867454 ]
                  }
                },
                { "Script":
                  {
                    "@DEF": "RandomPointsScript",
                    "field": [
                      {
                        "@accessType": "inputOnly",
                        "@type": "SFTime",
                        "@name": "set_time",
                      },
                      {
                        "@accessType": "inputOutput",
                        "@type": "SFInt32",
                        "@name": "numPoints",
                      },
                      {
                        "@accessType": "inputOutput",
                        "@type": "SFVec2f",
                        "@name": "minPosition",
                      },
                      {
                        "@accessType": "inputOutput",
                        "@type": "SFVec2f",
                        "@name": "maxPosition",
                      },
                      {
                        "@accessType": "outputOnly",
                        "@type": "MFVec2f",
                        "@name": "point_changed",
                      }
                    ],
                    "#sourceText": [
"ecmascript:",
"",
"function initialize ()",
"{",
"\tset_numPoints (numPoints, 0);",
"\tset_time (0, 0);",
"}",
"",
"function set_numPoints (value, time)",
"{",
"\tpoint_changed .length = value;",
"}",
"",
"function set_time (value, time)",
"{",
"\tfor (var i = 0; i < numPoints; ++ i)",
"\t{",
"\t\tpoint_changed [i] = new SFVec2f (random (minPosition .x, maxPosition .x),",
"\t\t                                 random (minPosition .y, maxPosition .y));",
"\t}",
"}",
"",
"function random (min, max)",
"{",
"\treturn Math .random () * (max - min) + min;",
"}"
                    ],
                    "IS": {
                      "connect": [
                        {
                          "@nodeField": "set_time",
                          "@protoField": "set_time"
                        },
                        {
                          "@nodeField": "numPoints",
                          "@protoField": "numPoints"
                        },
                        {
                          "@nodeField": "minPosition",
                          "@protoField": "minPosition"
                        },
                        {
                          "@nodeField": "maxPosition",
                          "@protoField": "maxPosition"
                        }
                      ]
                    }
                  }
                },
                { "ROUTE":
                  {
                    "@fromNode": "RandomPointsScript",
                    "@fromField": "point_changed",
                    "@toNode": "Points",
                    "@toField": "point"
                  }
                }
              ]
            }
          }
        },
        { "NavigationInfo":
          {
            "@type": [ "EXAMINE" ],
            "@transitionType": [ "ANIMATE" ]
          }
        },
        { "Background":
          {
            "@skyAngle": [ 1.5708 ],
            "@skyColor": [ 0.1, 0.1, 0.1, 0.3, 0.3, 0.3 ],
            "@groundAngle": [ 1.5708 ],
            "@groundColor": [ 0.1, 0.1, 0.1, 0.3, 0.3, 0.3 ]
          }
        },
        { "Viewpoint":
          {
            "@description": "Initial View",
            "@position": [ 0, 0, 3.08613 ],
            "@centerOfRotation": [ -0.0197983, -0.0453368, 0 ]
          }
        },
        { "Transform":
          {
            "@DEF": "OrangePoints",
            "-children": [
              { "TimeSensor":
                {
                  "@DEF": "Timer1",
                  "@cycleInterval": 1.1,
                  "@loop": true
                }
              },
              { "Shape":
                {
                  "-appearance": { "Appearance":
                    {
                      "-lineProperties": { "LineProperties":
                        {
                          "@linewidthScaleFactor": 20
                        }
                      },
                      "-material": { "Material":
                        {
                          "@DEF": "Tropical26",
                          "@emissiveColor": [ 0.758, 0.218443, 0 ]
                        }
                      }
                    }
                  },
                  "-geometry": { "ProtoInstance":
                    {
                      "@DEF": "Points1",
                      "@name": "RandomPoints",
                      "fieldValue": [
                        {
                          "@name": "numPoints",
                          "@value": 5
                        },
                        {
                          "@name": "minPosition",
                          "@value": [ -2, -1 ]
                        },
                        {
                          "@name": "maxPosition",
                          "@value": [ 2, 1 ]
                        }
                      ]
                    }
                  }
                }
              }
            ]
          }
        },
        { "Transform":
          {
            "@DEF": "YellowPoints",
            "-children": [
              { "TimeSensor":
                {
                  "@DEF": "Timer2",
                  "@cycleInterval": 1.3,
                  "@loop": true
                }
              },
              { "Shape":
                {
                  "-appearance": { "Appearance":
                    {
                      "-lineProperties": { "LineProperties":
                        {
                          "@linewidthScaleFactor": 25
                        }
                      },
                      "-material": { "Material":
                        {
                          "@DEF": "Tropical26_1",
                          "@emissiveColor": [ 0.758, 0.635603, 0 ]
                        }
                      }
                    }
                  },
                  "-geometry": { "ProtoInstance":
                    {
                      "@DEF": "Points2",
                      "@name": "RandomPoints",
                      "fieldValue": [
                        {
                          "@name": "numPoints",
                          "@value": 5
                        },
                        {
                          "@name": "minPosition",
                          "@value": [ -2, -1 ]
                        },
                        {
                          "@name": "maxPosition",
                          "@value": [ 2, 1 ]
                        }
                      ]
                    }
                  }
                }
              }
            ]
          }
        },
        { "Transform":
          {
            "@DEF": "RedPoints",
            "-children": [
              { "TimeSensor":
                {
                  "@DEF": "Timer3",
                  "@cycleInterval": 0.7,
                  "@loop": true
                }
              },
              { "Shape":
                {
                  "-appearance": { "Appearance":
                    {
                      "-lineProperties": { "LineProperties":
                        {
                          "@linewidthScaleFactor": 30
                        }
                      },
                      "-material": { "Material":
                        {
                          "@DEF": "Tropical26_2",
                          "@emissiveColor": [ 0.758, 0.0155368, 0 ]
                        }
                      }
                    }
                  },
                  "-geometry": { "ProtoInstance":
                    {
                      "@DEF": "Points3",
                      "@name": "RandomPoints",
                      "fieldValue": [
                        {
                          "@name": "numPoints",
                          "@value": 5
                        },
                        {
                          "@name": "minPosition",
                          "@value": [ -2, -1 ]
                        },
                        {
                          "@name": "maxPosition",
                          "@value": [ 2, 1 ]
                        }
                      ]
                    }
                  }
                }
              }
            ]
          }
        },
        { "ROUTE":
          {
            "@fromNode": "Timer1",
            "@fromField": "cycleTime",
            "@toNode": "Points1",
            "@toField": "set_time"
          }
        },
        { "ROUTE":
          {
            "@fromNode": "Timer2",
            "@fromField": "cycleTime",
            "@toNode": "Points2",
            "@toField": "set_time"
          }
        },
        { "ROUTE":
          {
            "@fromNode": "Timer3",
            "@fromField": "cycleTime",
            "@toNode": "Points3",
            "@toField": "set_time"
          }
        }
      ]
    }
  }
}
