{ "X3D": {
    "encoding": "UTF-8",
    "@profile": "Full",
    "@version": "3.3",
    "@xsd:noNamespaceSchemaLocation": "http://www.web3d.org/specifications/x3d-3.3.xsd",
    "JSON schema": "http://www.web3d.org/specifications/x3d-3.3-JSONSchema.json",
    "head": {
      "meta": [
        {
          "@name": "comment",
          "@content": "World of Titania"
        }
      ]
    },
    "Scene": {
      "-children": [
        { "NavigationInfo":
          {
            "@type": [ "EXAMINE" ],
            "@transitionType": [ "ANIMATE" ]
          }
        },
        { "Background":
          {
            "@skyAngle": [ 1.5708 ],
            "@skyColor": [ 0.1, 0.1, 0.1, 0.3, 0.3, 0.3 ],
            "@groundAngle": [ 1.5708 ],
            "@groundColor": [ 0.1, 0.1, 0.1, 0.3, 0.3, 0.3 ]
          }
        },
        { "Viewpoint":
          {
            "@description": "Initial View",
            "@position": [ 56.0444, 60.6897, 110.024 ],
            "@orientation": [ -0.872337522073732, 0.468408355130083, 0.140074481710948, 0.660505192086032 ],
            "@centerOfRotation": [ 29.5, 5, 29.5 ]
          }
        },
        { "Transform":
          {
            "@DEF": "ElevationGrid",
            "-children": [
              { "Shape":
                {
                  "-appearance": { "Appearance":
                    {
                      "-material": { "Material":
                        {
                          "@ambientIntensity": 0.712006,
                          "@diffuseColor": [ 1, 1, 1 ],
                          "@specularColor": [ 1, 1, 0.7 ],
                          "@shininess": 0.81
                        }
                      },
                      "-texture": { "ImageTexture":
                        {
                          "@url": [ "pattern.png" ]
                        }
                      },
                      "-textureTransform": { "TextureTransform":
                        {
                          "@scale": [ 8, 8 ]
                        }
                      }
                    }
                  },
                  "-geometry": { "ElevationGrid":
                    {
                      "@xDimension": 60,
                      "@zDimension": 60,
                      "@solid": false,
                      "@creaseAngle": 1.173,
                      "@height": [ 0.0438596, 0, 0, 0, 0, 0, 0, 0, 0, 0, 0, 0, 0, 0, 0, 0, 0, 0, 0, 0, 0, 0, 0, 0, 0, 0, 0, 0, 0, 0, 0, 0, 0, 0, 0, 0, 0, 0, 0, 0, 0, 0, 0, 0, 0, 0, 0, 0, 0, 0, 0, 0, 0, 0, 0, 0, 0, 0, 0, 0.0438596, 0, 0, 0, 0, 0, 0, 0, 0, 0, 0, 0, 0, 0, 0, 0, 0, 0, 0, 0, 0, 0, 0, 0, 0, 0, 0, 0, 0, 0, 0, 0, 0, 0, 0, 0, 0, 0, 0, 0, 0, 0, 0, 0, 0, 0, 0, 0, 0, 0, 0, 0, 0, 0, 0, 0, 0, 0, 0, 0, 0, 0, 0, 0, 0, 0, 0, 0, 0, 0, 0, 0, 0, 0, 0, 0, 0, 0, 0, 0, 0, 0, 0, 0, 0, 0, 0, 0, 0, 0, 0, 0, 0, 0, 0, 0, 0, 0, 0, 0, 0, 0, 0, 0, 0.0438596, 0, 0, 0, 0, 0, 0, 0, 0, 0, 0, 0, 0, 0, 0, 0, 0, 0, 0, 0, 0, 0, 0, 0, 0, 0, 0, 0, 0, 0, 0, 0, 0, 0, 0, 0, 0, 0, 0, 0, 0, 0, 0, 0, 0, 0, 0, 0, 0, 0, 0, 0, 0, 0, 0, 0, 0, 0, 0, 0.0438596, 0.0877193, 0, 0, 0, 0, 0, 0, 0, 0, 0, 0, 0, 0, 0, 0, 0, 0, 0, 0, 0, 0, 0, 0, 0, 0, 0, 0, 0, 0, 0, 0, 0, 0, 0, 0, 0, 0, 0, 0, 0, 0, 0, 0, 0, 0.0438596, 0.131579, 0.0438596, 0, 0, 0, 0, 0, 0, 0, 0, 0, 0, 0, 0, 0.0877193, 0.570175, 0, 0, 0, 0, 0, 0, 0, 0, 0, 0, 0, 0, 0, 0, 0, 0, 0, 0, 0, 0, 0, 0, 0, 0, 0, 0, 0, 0, 0, 0, 0, 0, 0, 0, 0, 0, 0, 0, 0, 0, 0, 0.482456, 1.05263, 0.350877, 0.482456, 0.570175, 0, 0, 0, 0, 0.0438596, 0, 0, 0, 0, 0, 0, 0, 0.219298, 1.53509, 0.131579, 0, 0, 0, 0, 0, 0, 0, 0, 0, 0, 0, 0, 0, 0, 0, 0, 0, 0, 0, 0, 0, 0, 0, 0, 0, 0, 0, 0, 0, 0, 0, 0, 0, 0, 0, 0, 0, 0, 0, 0, 0.131579, 0.570175, 0.263158, 0.307018, 1.35965, 1.35965, 0.701754, 0.482456, 0.482456, 0.570175, 0.175439, 0, 0, 0, 0, 0, 0, 0.570175, 1.71053, 0.526316, 0, 0, 0, 0, 0, 0, 0, 0, 0, 0, 0, 0, 0, 0, 0, 0, 0, 0, 0, 0, 0, 0, 0, 0, 0, 0, 0, 0, 0, 0, 0, 0, 0, 0, 0, 0, 0, 0, 0, 0, 0.219298, 1.09649, 1.31579, 1.22807, 1.79825, 3.02632, 2.0614, 1.57895, 1.71053, 1.31579, 0.175439, 0, 0, 0, 0, 0, 0, 0.877193, 1.88596, 1.53509, 0, 0, 0, 0, 0, 0, 0, 0, 0, 0, 0, 0, 0, 0, 0, 0, 0, 0, 0, 0, 0, 0, 0, 0, 0, 0, 0, 0, 0, 0, 0, 0, 0, 0.0438596, 0, 0, 0, 0, 0, 0, 0.789474, 1.84211, 1.75439, 1.75439, 3.07018, 3.77193, 2.45614, 1.97368, 1.71053, 0.394737, 0, 0, 0, 0, 0, 0, 0, 1.09649, 1.92982, 2.2807, 0.175439, 0, 0, 0, 0, 0, 0, 0, 0, 0, 0, 0, 0, 0, 0, 0, 0, 0, 0, 0, 0, 0, 0, 0, 0, 0, 0, 0, 0, 0, 0, 0, 0, 0, 0.0877193, 0.657895, 0.482456, 0, 0, 0.394737, 1.53509, 1.66667, 2.10526, 2.76316, 3.50877, 3.20175, 2.10526, 2.0614, 1.27193, 0.438596, 0.307018, 0, 0, 0, 0, 0, 0.0438596, 1.22807, 2.0614, 2.58772, 0.307018, 0, 0, 0, 0, 0, 0, 0, 0, 0, 0, 0, 0, 0, 0, 0, 0, 0, 0, 0, 0, 0, 0, 0, 0, 0, 0, 0, 0, 0, 0, 0, 0, 0.657895, 1.66667, 2.36842, 2.36842, 0.394737, 0, 0.614035, 2.36842, 2.76316, 1.97368, 2.32456, 2.76316, 2.0614, 1.75439, 1.57895, 0.438596, 0.0877193, 0.131579, 0, 0, 0, 0, 0, 0, 1.09649, 1.97368, 2.5, 1.09649, 1.00877, 0.0877193, 0, 0, 0, 0, 0, 0, 0, 0, 0, 0, 0, 0, 0, 0, 0, 0, 0, 0, 0, 0, 0, 0, 0, 0, 0, 0, 0, 0, 0.0438596, 0.350877, 2.2807, 3.68421, 3.42105, 3.11404, 1.31579, 0.877193, 1.05263, 1.88596, 2.41228, 2.54386, 2.36842, 2.36842, 1.97368, 1.66667, 1.44737, 0.614035, 0, 0, 0, 0, 0, 0, 0, 0, 1.00877, 1.71053, 2.19298, 1.66667, 1.84211, 1.05263, 0, 0.0438596, 0, 0, 0, 0, 0, 0, 0, 0, 0, 0, 0, 0, 0, 0, 0, 0, 0, 0, 0, 0, 0, 0, 0, 0, 0, 0, 0, 1.62281, 3.59649, 4.29825, 3.99123, 3.07018, 1.88596, 1.92982, 2.10526, 1.71053, 2.19298, 2.5, 2.63158, 2.5, 2.5, 2.41228, 1.92982, 1.79825, 0.964912, 0.263158, 0, 0, 0, 0, 0, 0.131579, 1.22807, 1.49123, 2.0614, 2.58772, 3.20175, 1.88596, 0, 0.0438596, 0, 0, 0, 0, 0, 0, 0, 0, 0, 0, 0, 0, 0, 0, 0, 0, 0, 0, 0, 0, 0, 0, 0, 0, 0, 0.482456, 1.00877, 2.0614, 4.16667, 5.2193, 4.21053, 3.99123, 3.07018, 2.19298, 2.01754, 2.80702, 2.23684, 2.23684, 3.02632, 2.85088, 2.85088, 3.07018, 2.54386, 2.01754, 1.57895, 1.40351, 0.657895, 0, 0.131579, 0.131579, 0, 0.263158, 1.31579, 1.57895, 1.92982, 2.5, 4.5614, 3.85965, 0, 0.0438596, 0, 0, 0, 0, 0, 0, 0, 0, 0, 0, 0, 0, 0, 0, 0, 0, 0, 0, 0, 0, 0, 0, 0, 0.0877193, 1.22807, 0.614035, 1.40351, 2.45614, 3.85965, 4.21053, 4.69298, 4.91228, 3.55263, 2.5, 2.98246, 3.42105, 2.32456, 2.5, 3.11404, 2.98246, 2.89474, 2.98246, 2.98246, 2.45614, 2.2807, 2.36842, 2.01754, 0.964912, 0.482456, 0.0438596, 0, 0.745614, 1.44737, 1.71053, 2.14912, 2.45614, 3.94737, 5.13158, 1.35965, 0, 0.0438596, 0, 0, 0, 0, 0, 0, 0, 0, 0, 0, 0, 0, 0, 0, 0, 0, 0, 0, 0, 0, 0, 0, 0.482456, 2.0614, 1.27193, 1.44737, 1.88596, 3.07018, 3.24561, 4.34211, 4.82456, 3.59649, 2.98246, 3.85965, 3.77193, 2.80702, 2.63158, 2.85088, 2.76316, 2.7193, 2.85088, 2.98246, 2.9386, 3.07018, 3.20175, 2.76316, 1.79825, 1.22807, 0.438596, 0.350877, 1.18421, 1.57895, 1.88596, 2.41228, 3.15789, 4.42982, 6.88596, 3.07018, 0, 0.0877193, 0, 0, 0, 0, 0, 0, 0, 0, 0, 0, 0, 0, 0, 0, 0, 0, 0, 0, 0, 0, 0, 0, 0.350877, 1.66667, 1.79825, 1.62281, 1.88596, 2.10526, 2.54386, 3.64035, 4.16667, 3.64035, 3.81579, 4.16667, 3.90351, 3.07018, 2.76316, 2.85088, 2.7193, 2.76316, 2.76316, 2.67544, 2.7193, 2.9386, 3.20175, 2.85088, 1.97368, 1.40351, 1.40351, 1.40351, 1.27193, 1.57895, 2.2807, 2.80702, 3.99123, 5.61404, 6.35965, 2.58772, 0, 0.0877193, 0, 0, 0, 0, 0, 0, 0, 0, 0, 0, 0, 0, 0, 0, 0, 0, 0, 0, 0, 0.0438596, 0, 0.0877193, 1.53509, 2.54386, 2.5, 2.23684, 2.10526, 2.14912, 2.67544, 3.42105, 4.07895, 3.77193, 3.94737, 4.16667, 4.12281, 3.33333, 2.9386, 2.85088, 2.89474, 3.20175, 3.02632, 2.63158, 2.67544, 2.80702, 3.20175, 3.15789, 2.5, 1.92982, 1.53509, 1.49123, 1.44737, 1.66667, 2.5, 3.55263, 5.04386, 5.2193, 5.08772, 3.99123, 0.263158, 0, 0.0438596, 0, 0, 0, 0, 0, 0, 0, 0, 0, 0, 0, 0, 0, 0, 0, 0, 0, 0, 0, 0, 0.701754, 1.79825, 2.0614, 2.2807, 2.36842, 2.5, 2.67544, 2.89474, 3.59649, 3.72807, 3.46491, 4.07895, 4.34211, 3.99123, 3.33333, 3.20175, 3.15789, 3.02632, 3.37719, 3.37719, 2.85088, 2.7193, 2.76316, 2.9386, 3.07018, 2.80702, 2.98246, 2.19298, 1.66667, 1.66667, 1.92982, 2.5, 4.07895, 6.57895, 5.92105, 4.25439, 4.29825, 2.54386, 0.350877, 0, 0, 0, 0, 0, 0, 0, 0, 0, 0, 0, 0, 0, 0, 0, 0, 0, 0.0438596, 0.482456, 0.789474, 1.44737, 1.88596, 1.97368, 2.0614, 2.45614, 2.89474, 2.67544, 2.58772, 2.9386, 3.28947, 3.28947, 3.85965, 4.07895, 4.12281, 3.72807, 3.72807, 3.46491, 3.42105, 3.24561, 3.24561, 3.72807, 3.24561, 2.85088, 2.98246, 2.89474, 2.85088, 3.11404, 3.59649, 2.98246, 2.01754, 1.84211, 2.01754, 2.58772, 3.64035, 6.05263, 7.01754, 5.26316, 3.46491, 3.24561, 2.01754, 1.05263, 0.219298, 0.0438596, 0, 0, 0, 0, 0, 0, 0, 0, 0, 0.0877193, 0, 0.307018, 0.350877, 0.657895, 1.40351, 1.66667, 2.0614, 2.5, 2.85088, 2.85088, 2.80702, 3.07018, 3.24561, 3.46491, 3.28947, 3.24561, 3.50877, 3.55263, 3.90351, 3.99123, 3.81579, 3.72807, 3.99123, 4.07895, 3.94737, 3.90351, 3.59649, 4.03509, 4.07895, 3.28947, 3.11404, 2.89474, 2.58772, 2.85088, 3.68421, 3.77193, 2.58772, 2.01754, 2.01754, 2.36842, 2.76316, 3.46491, 5.04386, 4.91228, 3.33333, 2.9386, 2.80702, 3.15789, 1.79825, 0, 0.0438596, 0, 0, 0, 0, 0, 0, 0, 0, 0, 0.701754, 2.19298, 2.23684, 2.10526, 2.36842, 2.67544, 2.80702, 2.9386, 2.98246, 3.11404, 3.24561, 3.24561, 3.33333, 3.33333, 3.46491, 3.59649, 3.90351, 3.90351, 3.99123, 3.68421, 3.94737, 3.99123, 4.12281, 4.38596, 4.51754, 4.47368, 4.34211, 4.16667, 4.38596, 3.77193, 3.15789, 2.9386, 2.67544, 2.58772, 3.37719, 4.07895, 3.50877, 2.63158, 2.32456, 2.41228, 2.89474, 3.20175, 3.59649, 3.85965, 3.33333, 2.67544, 2.98246, 3.81579, 3.77193, 0.350877, 0, 0.0438596, 0, 0, 0, 0, 0, 0.131579, 0.307018, 1.00877, 1.97368, 3.55263, 4.25439, 3.94737, 3.42105, 3.64035, 4.12281, 3.94737, 3.50877, 3.28947, 3.11404, 3.24561, 3.28947, 3.55263, 3.55263, 3.59649, 4.03509, 3.94737, 3.94737, 3.85965, 4.21053, 4.69298, 5.04386, 5.17544, 5.39474, 5.17544, 4.82456, 4.82456, 4.25439, 3.77193, 3.42105, 3.07018, 2.7193, 2.41228, 3.07018, 3.37719, 3.37719, 3.20175, 2.89474, 2.54386, 2.85088, 3.20175, 3.15789, 3.28947, 3.64035, 2.85088, 2.63158, 3.15789, 3.20175, 1.84211, 0, 0.0438596, 0, 0, 0, 0, 0, 0.833333, 1.14035, 1.66667, 2.0614, 4.03509, 5.57018, 6.14035, 5.57018, 4.29825, 4.47368, 4.42982, 4.12281, 4.07895, 3.24561, 3.20175, 3.37719, 3.55263, 3.72807, 3.90351, 4.07895, 4.16667, 3.90351, 3.77193, 3.99123, 4.82456, 5.48246, 5.65789, 5.70175, 5.92105, 5.26316, 5, 4.64912, 4.25439, 3.46491, 2.89474, 2.63158, 2.36842, 2.58772, 2.80702, 2.7193, 2.76316, 2.58772, 2.5, 2.7193, 3.02632, 2.80702, 3.07018, 3.46491, 2.98246, 3.11404, 3.42105, 2.45614, 2.23684, 0.921053, 0.526316, 0, 0, 0, 0, 0, 0.921053, 1.84211, 2.0614, 2.7193, 2.89474, 3.94737, 5.57018, 6.66667, 5.78947, 4.38596, 4.69298, 4.69298, 4.07895, 3.77193, 3.50877, 3.77193, 3.81579, 3.77193, 3.99123, 3.81579, 4.21053, 4.29825, 4.07895, 4.29825, 4.7807, 5.17544, 5.35088, 5.30702, 5.4386, 6.00877, 6.22807, 5.48246, 4.16667, 3.33333, 2.9386, 2.80702, 2.5, 2.19298, 2.23684, 2.36842, 2.36842, 2.14912, 2.76316, 3.07018, 2.76316, 2.67544, 2.98246, 3.85965, 3.50877, 3.64035, 3.20175, 2.45614, 2.0614, 2.01754, 1.00877, 0, 0.0438596, 0, 0, 0, 0.921053, 1.92982, 2.67544, 3.64035, 3.90351, 3.46491, 3.77193, 5.2193, 5.65789, 5.30702, 5.2193, 4.95614, 4.25439, 3.68421, 3.81579, 4.03509, 4.03509, 3.99123, 3.85965, 4.03509, 4.21053, 4.5614, 4.42982, 4.86842, 5.39474, 5.87719, 6.57895, 6.66667, 6.40351, 6.18421, 5.74561, 4.86842, 3.64035, 2.98246, 2.54386, 2.2807, 2.10526, 2.10526, 2.01754, 2.14912, 1.97368, 2.32456, 2.76316, 2.7193, 2.54386, 2.85088, 3.11404, 3.81579, 3.99123, 4.03509, 2.67544, 2.7193, 2.5, 2.10526, 1.66667, 0.175439, 0, 0, 0.0438596, 0.219298, 1.18421, 1.97368, 2.98246, 3.28947, 3.99123, 4.64912, 4.51754, 4.60526, 5.30702, 5.57018, 5.26316, 5, 4.7807, 4.25439, 4.12281, 4.21053, 4.12281, 4.21053, 4.03509, 4.42982, 4.42982, 4.60526, 4.5614, 4.5614, 4.82456, 5.57018, 6.09649, 6.05263, 5.39474, 5, 4.25439, 3.37719, 3.02632, 2.63158, 2.23684, 1.97368, 1.79825, 1.79825, 1.92982, 1.97368, 1.92982, 2.45614, 2.63158, 2.5, 2.63158, 2.76316, 3.02632, 3.99123, 4.7807, 3.85965, 3.33333, 3.11404, 2.80702, 2.01754, 3.37719, 2.19298, 0.307018, 0, 0.0438596, 0.0438596, 1.00877, 1.97368, 2.58772, 2.98246, 3.77193, 4.38596, 4.7807, 5.04386, 5.52632, 5.57018, 5.39474, 5, 4.91228, 4.51754, 4.38596, 4.34211, 4.38596, 4.38596, 4.29825, 4.42982, 4.34211, 5, 5.48246, 5.4386, 4.82456, 4.47368, 4.73684, 5, 4.42982, 3.99123, 3.72807, 3.07018, 2.54386, 2.36842, 2.0614, 1.79825, 1.66667, 1.71053, 1.79825, 1.79825, 1.92982, 2.36842, 2.45614, 2.41228, 2.67544, 3.42105, 3.42105, 3.85965, 4.82456, 5.2193, 6.05263, 3.59649, 3.20175, 2.63158, 3.90351, 3.59649, 1.44737, 0.175439, 0.219298, 0.131579, 0.482456, 1.71053, 2.45614, 3.07018, 3.81579, 4.21053, 4.47368, 4.91228, 5.17544, 5.30702, 5.30702, 5.2193, 4.91228, 4.5614, 4.42982, 4.5614, 4.42982, 4.25439, 4.38596, 4.73684, 4.95614, 5.2193, 5.92105, 6.31579, 5.87719, 5.2193, 4.82456, 4.69298, 4.5614, 4.12281, 3.50877, 2.80702, 2.23684, 2.0614, 1.84211, 1.62281, 1.53509, 1.71053, 1.66667, 1.57895, 1.88596, 2.19298, 2.01754, 2.2807, 2.9386, 3.33333, 3.68421, 3.90351, 4.21053, 5.26316, 5.48246, 4.7807, 3.72807, 3.07018, 3.50877, 2.67544, 2.2807, 1.09649, 0.263158, 0.438596, 0.394737, 1.49123, 2.67544, 3.33333, 3.72807, 3.99123, 4.29825, 4.82456, 5.35088, 5.35088, 5.17544, 4.95614, 4.51754, 4.42982, 4.51754, 4.47368, 4.25439, 4.38596, 4.5614, 4.69298, 4.73684, 5, 5.52632, 6.18421, 6.31579, 6.09649, 6.14035, 5.70175, 4.91228, 4.38596, 3.46491, 2.63158, 2.14912, 1.79825, 1.66667, 1.40351, 1.40351, 1.44737, 1.53509, 1.84211, 2.10526, 1.88596, 2.14912, 2.36842, 2.7193, 3.02632, 3.55263, 3.50877, 3.90351, 4.82456, 4.5614, 4.25439, 3.33333, 3.28947, 3.72807, 3.42105, 3.24561, 1.75439, 0.131579, 0.0877193, 1.00877, 2.0614, 2.85088, 3.33333, 3.64035, 4.42982, 4.60526, 4.69298, 5.30702, 5.13158, 4.95614, 4.95614, 4.82456, 4.5614, 4.51754, 4.34211, 4.34211, 4.47368, 4.34211, 4.51754, 4.21053, 4.51754, 4.64912, 5.35088, 5.48246, 5.30702, 5.57018, 5.39474, 4.69298, 3.68421, 3.07018, 2.58772, 2.01754, 1.57895, 1.44737, 1.31579, 1.31579, 1.35965, 1.40351, 1.66667, 2.01754, 1.88596, 2.2807, 2.45614, 2.63158, 2.85088, 3.20175, 3.20175, 3.68421, 4.12281, 3.94737, 3.59649, 3.50877, 3.55263, 3.55263, 4.47368, 4.38596, 2.67544, 0.0438596, 0, 0.657895, 2.54386, 2.9386, 3.24561, 3.64035, 4.34211, 4.42982, 4.64912, 4.95614, 4.95614, 4.7807, 4.82456, 5.13158, 4.7807, 4.60526, 4.42982, 4.34211, 4.16667, 4.21053, 4.51754, 4.07895, 4.38596, 4.12281, 4.60526, 4.69298, 4.60526, 4.51754, 4.38596, 4.12281, 3.59649, 3.11404, 2.41228, 2.14912, 1.62281, 1.31579, 1.27193, 1.27193, 1.53509, 1.40351, 1.44737, 1.92982, 1.88596, 2.0614, 2.36842, 2.54386, 2.63158, 2.85088, 2.89474, 3.02632, 3.15789, 3.24561, 3.07018, 3.20175, 3.24561, 3.50877, 4.21053, 4.07895, 1.75439, 0.307018, 0, 0.131579, 2.58772, 3.11404, 3.28947, 3.94737, 4.29825, 4.21053, 4.5614, 4.91228, 4.60526, 4.69298, 4.47368, 4.69298, 4.95614, 4.42982, 4.07895, 4.16667, 3.99123, 4.07895, 4.25439, 3.99123, 4.16667, 3.94737, 4.12281, 4.03509, 4.07895, 4.07895, 3.81579, 3.42105, 3.07018, 3.02632, 2.23684, 1.84211, 1.53509, 1.18421, 1.18421, 1.40351, 1.49123, 1.35965, 1.53509, 1.88596, 1.71053, 1.97368, 2.23684, 2.19298, 2.54386, 2.63158, 2.63158, 2.54386, 2.63158, 2.7193, 2.7193, 2.98246, 2.98246, 3.50877, 4.16667, 4.51754, 2.63158, 1.05263, 0.0438596, 0, 1.35965, 3.11404, 3.37719, 3.59649, 3.72807, 4.16667, 4.5614, 4.38596, 4.34211, 4.21053, 4.47368, 4.42982, 4.60526, 4.5614, 4.16667, 3.90351, 3.59649, 3.68421, 3.85965, 3.72807, 3.59649, 3.59649, 3.81579, 3.68421, 3.68421, 3.42105, 3.28947, 3.02632, 2.67544, 2.85088, 2.0614, 2.01754, 1.71053, 1.09649, 1.14035, 1.31579, 1.35965, 1.35965, 1.44737, 1.92982, 2.0614, 2.0614, 1.97368, 2.36842, 2.32456, 2.36842, 2.41228, 2.2807, 2.2807, 2.41228, 2.45614, 2.54386, 2.63158, 2.85088, 4.51754, 6.22807, 3.90351, 1.84211, 0.0438596, 0, 0.131579, 2.2807, 3.33333, 3.42105, 3.50877, 3.85965, 4.38596, 4.21053, 4.25439, 4.16667, 4.03509, 4.07895, 4.34211, 4.29825, 4.16667, 3.68421, 3.02632, 2.76316, 2.85088, 2.89474, 3.02632, 3.07018, 3.15789, 2.98246, 2.98246, 2.98246, 2.85088, 2.67544, 2.45614, 2.45614, 2.2807, 2.0614, 1.75439, 1.18421, 1.09649, 1.44737, 1.40351, 1.22807, 1.53509, 2.0614, 2.36842, 1.84211, 1.79825, 2.2807, 2.14912, 2.23684, 2.23684, 2.14912, 2.14912, 2.2807, 2.32456, 2.36842, 2.7193, 3.59649, 5.13158, 7.19298, 2.41228, 0.745614, 0.0438596, 0.0438596, 0, 1.75439, 3.28947, 3.33333, 3.50877, 3.55263, 4.25439, 4.47368, 4.25439, 4.16667, 4.03509, 3.81579, 4.03509, 4.16667, 3.94737, 3.24561, 2.58772, 2.67544, 2.76316, 2.80702, 2.7193, 2.58772, 2.54386, 2.41228, 2.63158, 2.63158, 2.58772, 2.45614, 2.45614, 2.2807, 2.45614, 2.41228, 1.84211, 1.49123, 1.66667, 1.71053, 2.14912, 1.66667, 1.44737, 2.14912, 2.36842, 1.79825, 2.0614, 2.2807, 1.92982, 2.01754, 2.0614, 1.97368, 2.0614, 2.14912, 2.23684, 2.36842, 3.20175, 4.51754, 7.54386, 8.11403, 2.7193, 0.438596, 0, 0.0438596, 0, 1.66667, 3.20175, 3.33333, 3.50877, 3.99123, 4.34211, 4.21053, 4.47368, 4.38596, 3.94737, 3.90351, 3.81579, 3.72807, 3.20175, 2.67544, 2.67544, 2.76316, 2.80702, 2.7193, 2.58772, 2.45614, 2.32456, 2.10526, 2.01754, 2.19298, 2.5, 2.5, 2.41228, 2.32456, 2.32456, 2.32456, 2.01754, 1.84211, 1.71053, 2.7193, 4.25439, 1.66667, 1.40351, 1.79825, 1.97368, 2.01754, 2.32456, 2.01754, 1.88596, 1.92982, 1.97368, 2.14912, 2.0614, 2.10526, 2.23684, 2.36842, 4.16667, 5.78947, 8.24561, 9.07895, 4.25439, 0, 0, 0, 0, 0.657895, 2.63158, 3.20175, 3.50877, 3.59649, 3.77193, 3.81579, 4.07895, 4.42982, 3.90351, 3.59649, 3.64035, 3.42105, 2.80702, 2.54386, 2.5, 2.41228, 2.45614, 2.45614, 2.32456, 2.32456, 2.2807, 2.10526, 1.92982, 1.75439, 1.97368, 2.2807, 2.14912, 2.14912, 2.19298, 2.19298, 2.10526, 2.10526, 1.27193, 3.46491, 3.72807, 0.964912, 1.49123, 1.88596, 2.32456, 2.67544, 2.14912, 1.79825, 1.84211, 2.32456, 2.54386, 2.5, 2.2807, 2.23684, 2.80702, 4.03509, 3.28947, 4.29825, 8.15789, 7.36842, 1.97368, 0, 0, 0, 0, 0, 1.75439, 3.07018, 3.02632, 3.28947, 3.81579, 4.12281, 4.16667, 4.29825, 3.81579, 3.33333, 3.42105, 3.02632, 2.41228, 2.32456, 2.23684, 2.23684, 2.23684, 2.19298, 2.0614, 1.62281, 1.22807, 1.05263, 0.833333, 1.14035, 1.62281, 1.88596, 2.14912, 2.19298, 2.2807, 2.14912, 2.01754, 2.01754, 1.44737, 3.20175, 3.20175, 1.53509, 1.71053, 2.41228, 2.89474, 2.41228, 1.88596, 1.79825, 2.0614, 2.58772, 2.9386, 2.9386, 2.41228, 2.5, 3.46491, 5.13158, 4.69298, 4.60526, 7.89474, 5.70175, 1.35965, 0, 0, 0, 0.0438596, 0, 1.44737, 3.37719, 3.02632, 3.24561, 3.59649, 4.03509, 4.16667, 3.81579, 3.55263, 3.33333, 3.55263, 2.85088, 2.2807, 2.2807, 2.01754, 1.31579, 1.14035, 0.877193, 0.394737, 0.0438596, 0, 0, 0, 0.0438596, 0.307018, 0.526316, 1.05263, 1.66667, 2.32456, 2.67544, 2.14912, 2.0614, 1.92982, 4.03509, 3.64035, 3.11404, 2.98246, 2.7193, 2.32456, 1.79825, 1.71053, 1.79825, 2.0614, 2.2807, 3.15789, 3.37719, 2.63158, 2.7193, 3.33333, 4.38596, 4.73684, 3.59649, 4.82456, 2.63158, 0.263158, 0, 0, 0, 0.0438596, 0, 1.71053, 3.59649, 3.46491, 3.46491, 3.42105, 3.68421, 3.81579, 3.37719, 3.15789, 3.11404, 3.07018, 2.45614, 2.10526, 1.35965, 0.394737, 0, 0, 0, 0, 0, 0.0438596, 0.0438596, 0.0438596, 0, 0, 0, 0, 1.00877, 2.01754, 2.5, 2.89474, 2.5, 1.66667, 4.16667, 4.25439, 3.42105, 2.58772, 1.92982, 1.62281, 1.62281, 1.71053, 1.79825, 1.84211, 2.14912, 2.7193, 2.89474, 2.9386, 3.24561, 4.38596, 5.48246, 5.83333, 3.90351, 1.79825, 0.745614, 0, 0.0438596, 0, 0, 0.0438596, 0.0877193, 2.01754, 3.28947, 3.28947, 3.46491, 3.46491, 3.59649, 3.46491, 2.89474, 2.54386, 2.58772, 2.54386, 2.41228, 0.833333, 0, 0.0438596, 0, 0, 0, 0, 0, 0, 0, 0, 0, 0, 0.0438596, 0, 0.175439, 1.27193, 1.75439, 3.02632, 2.19298, 0.175439, 3.64035, 4.29825, 1.88596, 1.71053, 1.62281, 1.57895, 1.66667, 1.75439, 1.75439, 1.84211, 1.92982, 2.23684, 2.63158, 2.67544, 2.9386, 4.82456, 7.14912, 7.63158, 3.81579, 1.22807, 0, 0.0438596, 0, 0.0438596, 0, 0, 1.27193, 2.80702, 3.11404, 3.28947, 3.24561, 3.24561, 2.58772, 1.05263, 0.657895, 0.482456, 0.701754, 0.789474, 0.701754, 0.0438596, 0, 0.0438596, 0, 0, 0, 0, 0, 0, 0, 0, 0, 0, 0, 0, 0, 0.350877, 1.84211, 1.49123, 0.0877193, 0.964912, 2.67544, 3.37719, 1.44737, 1.57895, 1.49123, 1.49123, 1.71053, 1.75439, 1.71053, 1.79825, 1.84211, 2.19298, 2.85088, 2.89474, 3.28947, 4.21053, 6.92982, 7.58772, 2.67544, 0.307018, 0, 0, 0, 0, 0, 0, 0.0877193, 1.31579, 2.5, 2.7193, 2.63158, 1.40351, 0.307018, 0, 0, 0, 0, 0, 0, 0, 0, 0, 0, 0, 0, 0, 0, 0, 0, 0, 0, 0, 0, 0, 0, 0.0877193, 1.35965, 0.263158, 0.131579, 1.00877, 1.00877, 3.15789, 1.57895, 1.53509, 1.53509, 1.57895, 1.57895, 1.62281, 1.66667, 1.75439, 1.88596, 2.01754, 2.32456, 3.02632, 3.72807, 4.60526, 6.31579, 6.27193, 2.80702, 0, 0.0438596, 0, 0, 0, 0, 0, 0, 0, 0.307018, 0.482456, 0.394737, 0, 0, 0.0438596, 0.0438596, 0.0438596, 0.0438596, 0.0438596, 0.0438596, 0, 0, 0, 0, 0, 0, 0, 0, 0, 0, 0, 0, 0, 0, 0, 0, 0, 0.0877193, 0, 0.526316, 0.175439, 1.27193, 2.23684, 1.44737, 1.88596, 1.75439, 1.62281, 1.62281, 1.62281, 1.71053, 1.75439, 1.88596, 1.97368, 2.2807, 2.9386, 4.07895, 6.18421, 6.40351, 5.26316, 0.701754, 0, 0.0438596, 0, 0, 0, 0, 0, 0, 0, 0, 0, 0, 0, 0, 0, 0, 0, 0, 0, 0, 0, 0, 0, 0, 0, 0, 0, 0, 0, 0, 0, 0, 0, 0, 0, 0, 0, 0, 0.175439, 1.22807, 0.570175, 0.438596, 0.219298, 1.27193, 1.79825, 2.0614, 1.84211, 1.79825, 1.79825, 1.75439, 1.79825, 1.88596, 1.97368, 2.36842, 3.37719, 5.78947, 10, 8.24561, 3.02632, 0, 0.0877193, 0, 0, 0, 0, 0, 0, 0, 0, 0, 0.0438596, 0, 0, 0, 0, 0, 0, 0, 0, 0, 0, 0, 0, 0, 0, 0, 0, 0, 0, 0, 0, 0, 0, 0, 0, 0, 0, 0, 0.0438596, 0.131579, 0.0438596, 0, 0, 0.657895, 1.62281, 2.10526, 2.10526, 1.88596, 2.23684, 2.14912, 1.84211, 1.92982, 2.36842, 3.20175, 5, 7.54386, 9.07895, 7.36842, 1.66667, 0, 0.0438596, 0, 0, 0, 0, 0, 0, 0, 0, 0, 0, 0, 0, 0, 0, 0, 0, 0, 0, 0, 0, 0, 0, 0, 0, 0, 0, 0, 0, 0, 0, 0, 0, 0, 0, 0, 0, 0, 0, 0, 0, 0.0438596, 0, 0.570175, 1.57895, 2.0614, 2.54386, 2.9386, 3.33333, 3.37719, 3.77193, 3.24561, 4.42982, 7.10526, 8.64035, 8.07018, 7.01754, 6.09649, 1.00877, 0, 0.0438596, 0, 0, 0, 0, 0, 0, 0, 0, 0, 0, 0, 0, 0, 0, 0, 0, 0, 0, 0, 0, 0, 0, 0, 0, 0, 0, 0, 0, 0, 0, 0, 0, 0, 0, 0, 0, 0, 0, 0, 0, 0, 0, 0.0877193, 1.22807, 1.92982, 2.7193, 3.24561, 3.20175, 4.21053, 3.50877, 2.80702, 5.92105, 6.57895, 4.12281, 2.67544, 2.63158, 2.14912, 0.350877, 0, 0, 0, 0, 0, 0, 0, 0, 0, 0, 0, 0, 0, 0, 0, 0, 0, 0, 0, 0, 0, 0, 0, 0, 0, 0, 0, 0, 0, 0, 0, 0, 0, 0, 0, 0, 0, 0, 0, 0, 0, 0, 0, 0, 0, 0.0877193, 0.657895, 1.14035, 1.49123, 2.2807, 2.2807, 0.438596, 0.789474, 2.67544, 2.45614, 0.482456, 0, 0, 0, 0, 0, 0, 0, 0, 0, 0, 0, 0, 0, 0, 0, 0, 0, 0, 0, 0, 0, 0, 0, 0, 0, 0, 0, 0, 0, 0, 0, 0, 0, 0, 0, 0, 0, 0, 0, 0, 0, 0, 0, 0, 0, 0, 0, 0, 0, 0, 0, 0, 0, 0.789474, 0.745614, 0, 0.0438596, 0.701754, 0.833333, 0, 0.0438596, 0.0877193, 0.0438596, 0, 0, 0, 0, 0, 0, 0, 0, 0, 0, 0, 0, 0, 0, 0, 0, 0, 0, 0, 0, 0, 0, 0, 0, 0, 0, 0, 0, 0, 0, 0, 0, 0, 0, 0, 0, 0, 0, 0, 0, 0, 0, 0, 0, 0, 0, 0, 0, 0.0438596, 0, 0, 0.131579, 0.0438596, 0, 0, 0.0438596, 0.0438596, 0.0877193, 0, 0, 0, 0, 0, 0, 0, 0, 0, 0, 0, 0, 0, 0, 0, 0, 0, 0, 0, 0, 0, 0, 0, 0, 0, 0, 0, 0, 0, 0, 0, 0, 0, 0, 0, 0, 0, 0, 0, 0, 0, 0, 0, 0, 0, 0, 0, 0, 0, 0, 0, 0, 0, 0.350877, 0.0877193, 0, 0.0877193, 0.0877193, 0, 0.570175, 0.131579, 0, 0, 0, 0, 0, 0, 0, 0, 0, 0, 0, 0, 0, 0, 0, 0, 0, 0, 0, 0, 0, 0, 0, 0, 0, 0, 0, 0, 0, 0, 0, 0, 0, 0, 0, 0, 0, 0, 0, 0, 0, 0, 0, 0, 0, 0, 0, 0, 0, 0, 0, 0, 0, 0.307018, 0.482456, 0, 0, 0, 0.350877, 0.131579, 0, 0, 0, 0, 0, 0, 0, 0, 0, 0, 0, 0, 0, 0, 0, 0, 0, 0, 0, 0, 0, 0, 0, 0, 0, 0, 0, 0, 0, 0, 0, 0, 0, 0, 0, 0, 0, 0, 0, 0, 0, 0, 0, 0, 0, 0, 0, 0, 0, 0, 0, 0.0438596, 0, 0.438596, 3.64035, 3.72807, 1.62281, 2.98246, 3.55263, 0, 0, 0, 0, 0, 0, 0, 0, 0, 0, 0, 0, 0, 0, 0, 0, 0, 0, 0, 0, 0, 0, 0, 0, 0, 0, 0, 0, 0, 0, 0, 0, 0, 0, 0, 0, 0, 0, 0, 0, 0, 0, 0, 0, 0, 0, 0, 0, 0, 0, 0, 0, 0, 0.0438596, 0, 2.10526, 7.0614, 7.63158, 4.60526, 3.68421, 0, 0, 0, 0, 0, 0, 0, 0, 0, 0, 0, 0, 0, 0, 0, 0, 0, 0, 0, 0, 0, 0, 0, 0, 0, 0, 0, 0, 0, 0, 0, 0, 0, 0, 0, 0, 0, 0, 0, 0, 0, 0, 0, 0, 0, 0, 0, 0, 0, 0, 0, 0, 0, 0.0438596, 0, 0.657895, 4.34211, 5.4386, 4.16667, 1.53509, 0, 0.0438596, 0, 0, 0, 0, 0, 0, 0, 0, 0, 0, 0, 0, 0, 0, 0, 0, 0, 0, 0, 0, 0, 0, 0, 0, 0, 0, 0, 0, 0, 0, 0, 0, 0, 0, 0, 0, 0, 0, 0, 0, 0, 0, 0, 0, 0, 0, 0, 0, 0, 0, 0, 0, 0, 0, 2.0614, 4.5614, 1.71053, 0.350877, 0, 0, 0, 0, 0, 0, 0, 0, 0, 0, 0, 0, 0, 0, 0, 0, 0, 0, 0, 0, 0, 0, 0, 0, 0, 0, 0, 0, 0, 0, 0, 0, 0, 0, 0, 0, 0, 0, 0, 0, 0, 0, 0, 0, 0, 0, 0, 0, 0, 0, 0, 0, 0, 0, 0, 0, 0.131579, 0.921053, 0.175439, 0, 0, 0, 0, 0, 0, 0, 0, 0, 0.0438596, 0, 0, 0, 0, 0, 0, 0, 0, 0, 0, 0, 0, 0, 0, 0, 0, 0, 0, 0, 0, 0, 0, 0, 0, 0, 0, 0, 0, 0, 0, 0, 0, 0, 0, 0, 0, 0, 0, 0, 0, 0, 0, 0, 0, 0, 0, 0.0438596, 0.0438596, 0, 0.0438596, 0.0438596, 0, 0, 0, 0, 0, 0, 0, 0.0438596 ]
                    }
                  }
                }
              }
            ]
          }
        },
        { "Script":
          {
            "@DEF": "EnterWorldScript",
            "#sourceText": [
"ecmascript:",
"function initialize ()",
"{",
"\tBrowser .setBrowserOption (\"Shading\",          \"PHONG\");",
"\tBrowser .setBrowserOption (\"PrimitiveQuality\", \"HIGH\");",
"}"
            ]
          }
        }
      ]
    }
  }
}
